date,region,product,customer_id,age,gender,quantity,sales,discount_pct
2024-04-24,North,Gamma,C5012,32,F,1,50.15,15
2025-07-12,North,Omega,C7912,20,F,1,99.0,0
2024-08-26,North,Omega,C4257,63,Non-Binary,5,470.25,5
2024-08-13,West,Omega,C5557,69,F,2,168.3,15
2025-03-08,East,Gamma,C3547,31,M,1,59.0,0
2025-01-24,North,Gamma,C6635,56,M,1,50.15,15
2025-04-15,North,Delta,C2291,53,M,5,395.0,0
2025-08-14,South,Alpha,C1750,60,F,3,87.0,0
2024-08-26,North,Delta,C5554,47,Non-Binary,3,237.0,0
2025-01-14,East,Beta,C5374,62,Non-Binary,1,35.1,10
2024-06-24,South,Beta,C8573,42,M,5,195.0,0
2024-11-28,North,Beta,C1525,69,M,4,156.0,0
2024-03-08,South,Omega,C6155,31,Non-Binary,4,376.2,5
2025-04-14,South,Gamma,C3287,33,Non-Binary,5,265.5,10
2024-09-26,West,Omega,C7543,41,F,2,178.2,10
2025-05-20,North,Alpha,C2796,27,Non-Binary,2,49.3,15
2025-03-08,North,Delta,C7252,56,M,5,395.0,0
2025-07-20,North,Alpha,C9797,66,M,3,87.0,0
2024-10-27,West,Beta,C8433,18,Non-Binary,3,105.3,10
2024-07-01,North,Gamma,C9317,56,F,2,118.0,0
2024-06-14,North,Omega,C6310,49,F,1,99.0,0
2024-11-10,South,Alpha,C4946,74,Non-Binary,1,29.0,0
2025-05-12,North,Omega,C3060,26,Non-Binary,4,356.4,10
2024-06-18,East,Omega,C7932,31,Non-Binary,2,168.3,15
2024-11-15,West,Gamma,C8177,75,Non-Binary,4,236.0,0
2024-09-10,South,Alpha,C6539,19,Non-Binary,5,145.0,0
2025-08-25,South,Alpha,C2163,63,Non-Binary,1,29.0,0
2024-03-10,North,Gamma,C2160,50,F,3,150.45,15
2025-05-12,South,Omega,C3167,64,Non-Binary,5,470.25,5
2024-09-05,West,Delta,C4119,24,F,4,316.0,0
2025-03-09,West,Delta,C1887,61,Non-Binary,1,79.0,0
2025-02-16,East,Alpha,C5073,30,F,5,137.75,5
2024-05-23,West,Beta,C5563,47,F,1,37.05,5
2025-07-17,North,Alpha,C9856,71,F,1,29.0,0
2024-06-19,West,Delta,C8886,31,M,1,79.0,0
2025-01-23,North,Delta,C5345,68,M,3,225.15,5
2025-07-23,West,Beta,C4111,36,F,1,35.1,10
2025-07-09,North,Gamma,C1936,21,Non-Binary,4,212.4,10
2025-06-27,South,Alpha,C9320,23,F,1,26.1,10
2024-03-10,South,Delta,C2964,74,Non-Binary,2,142.2,10
2025-08-31,North,Omega,C2343,44,Non-Binary,5,445.5,10
2025-06-19,East,Gamma,C4346,60,Non-Binary,3,177.0,0
2024-09-28,West,Beta,C5915,47,M,1,39.0,0
2025-04-14,North,Alpha,C9808,31,Non-Binary,3,87.0,0
2024-12-23,North,Beta,C7054,36,F,4,140.4,10
2024-11-05,North,Omega,C5905,60,F,2,198.0,0
2024-04-28,North,Omega,C3546,35,M,5,495.0,0
2024-12-17,South,Gamma,C9280,49,M,1,59.0,0
2025-03-09,East,Alpha,C1058,39,F,3,87.0,0
2025-03-28,West,Omega,C1158,25,F,2,178.2,10
2024-02-06,East,Omega,C3426,45,F,1,99.0,0
2025-01-08,North,Gamma,C4441,61,F,1,59.0,0
2025-07-27,West,Omega,C3532,33,F,2,188.1,5
2024-01-26,South,Gamma,C7745,69,Non-Binary,2,118.0,0
2024-06-12,North,Delta,C1634,72,M,2,158.0,0
2025-04-16,East,Gamma,C4728,32,F,2,112.1,5
2024-12-02,East,Alpha,C5573,40,Non-Binary,5,137.75,5
2025-07-03,East,Alpha,C2889,74,M,2,52.2,10
2024-09-28,North,Alpha,C8119,40,Non-Binary,3,82.65,5
2025-09-12,North,Delta,C4114,34,F,4,316.0,0
2025-06-16,South,Gamma,C8066,22,Non-Binary,3,159.3,10
2024-11-17,North,Gamma,C9308,37,Non-Binary,4,236.0,0
2025-02-16,East,Omega,C3085,30,M,4,336.6,15
2024-06-27,East,Delta,C9977,71,F,3,237.0,0
2024-08-03,West,Omega,C6279,47,M,4,336.6,15
2024-08-06,West,Beta,C2389,36,Non-Binary,5,195.0,0
2024-04-05,South,Gamma,C4680,69,F,2,118.0,0
2024-02-17,South,Delta,C2193,47,M,5,395.0,0
2025-01-28,West,Delta,C4997,27,Non-Binary,1,79.0,0
2025-03-11,South,Beta,C9486,47,F,5,195.0,0
2024-05-04,West,Beta,C8612,60,Non-Binary,5,175.5,10
2024-11-20,West,Omega,C9270,45,Non-Binary,4,396.0,0
2025-05-01,West,Gamma,C5050,71,Non-Binary,3,159.3,10
2025-05-11,South,Gamma,C8206,22,Non-Binary,3,177.0,0
2024-10-05,East,Gamma,C9849,23,F,2,118.0,0
2025-01-27,South,Beta,C2052,44,M,3,105.3,10
2025-04-22,West,Alpha,C4388,71,M,4,104.4,10
2024-01-21,West,Delta,C1096,40,M,4,300.2,5
2025-07-05,South,Delta,C4595,35,M,4,316.0,0
2025-02-02,East,Delta,C3704,71,M,2,142.2,10
2025-06-30,North,Delta,C1444,23,Non-Binary,4,316.0,0
2025-04-17,South,Alpha,C5262,42,M,2,55.1,5
2024-11-30,East,Delta,C5558,66,M,3,237.0,0
2025-04-26,North,Omega,C1853,40,F,1,84.15,15
2024-02-11,North,Beta,C4266,71,F,5,195.0,0
2024-09-01,South,Delta,C2874,54,F,4,268.6,15
2024-09-19,East,Beta,C2876,67,F,3,117.0,0
2025-08-15,North,Gamma,C7149,43,Non-Binary,2,118.0,0
2025-08-29,South,Alpha,C5941,72,Non-Binary,5,145.0,0
2025-08-02,North,Gamma,C9728,45,Non-Binary,3,177.0,0
2025-06-02,East,Alpha,C7882,70,M,1,27.55,5
2025-01-05,West,Beta,C8135,29,Non-Binary,5,165.75,15
2024-10-03,West,Delta,C8136,70,Non-Binary,5,395.0,0
2024-11-26,South,Alpha,C5569,74,M,2,55.1,5
2025-08-06,West,Gamma,C1470,49,M,2,112.1,5
2024-08-05,East,Gamma,C6576,35,Non-Binary,3,159.3,10
2024-01-11,South,Alpha,C4954,64,M,4,104.4,10
2024-09-03,West,Delta,C8342,68,F,1,79.0,0
2024-08-14,West,Beta,C6016,60,Non-Binary,3,111.15,5
2025-07-20,East,Delta,C6419,40,Non-Binary,4,316.0,0
2024-11-09,East,Beta,C2976,64,F,3,117.0,0
2025-07-02,South,Beta,C4545,65,M,3,99.45,15
2025-08-26,East,Alpha,C4180,36,F,3,87.0,0
2024-11-05,North,Omega,C3073,35,F,1,89.1,10
2024-10-26,South,Delta,C2680,73,F,5,395.0,0
2025-04-25,West,Delta,C6582,29,F,3,225.15,5
2024-04-26,North,Delta,C9056,22,Non-Binary,1,79.0,0
2024-06-01,East,Alpha,C5066,25,Non-Binary,4,104.4,10
2025-09-02,South,Omega,C7232,46,M,3,267.3,10
2025-03-15,East,Omega,C1986,57,Non-Binary,1,99.0,0
2025-10-02,South,Gamma,C2330,28,F,2,106.2,10
2024-03-17,South,Alpha,C7693,46,Non-Binary,5,137.75,5
2024-10-25,North,Beta,C5720,63,M,4,156.0,0
2024-08-27,East,Omega,C4241,45,F,5,495.0,0
2024-06-01,East,Beta,C2169,21,F,3,105.3,10
2025-08-05,East,Delta,C3037,47,Non-Binary,3,201.45,15
2025-02-16,East,Omega,C9847,49,M,1,89.1,10
2024-02-10,West,Gamma,C5102,19,F,2,100.3,15
2025-08-12,North,Gamma,C1659,66,F,4,212.4,10
2025-03-28,East,Beta,C8141,58,M,1,37.05,5
2024-12-22,West,Gamma,C6260,60,F,2,118.0,0
2025-02-25,West,Gamma,C7561,70,Non-Binary,1,56.05,5
2024-03-31,East,Gamma,C6296,25,M,5,295.0,0
2025-07-09,West,Delta,C1888,30,Non-Binary,3,213.3,10
2025-05-25,West,Alpha,C4335,35,Non-Binary,2,58.0,0
2025-03-24,West,Alpha,C1472,58,Non-Binary,2,49.3,15
2024-06-11,East,Omega,C1224,53,M,1,99.0,0
2024-04-26,West,Alpha,C3522,49,Non-Binary,3,78.3,10
2024-10-06,West,Delta,C8736,33,M,5,395.0,0
2025-01-27,South,Omega,C9327,65,F,1,99.0,0
2025-02-28,East,Omega,C5377,70,F,3,252.45,15
2024-11-01,West,Beta,C8316,52,M,3,117.0,0
2025-07-19,West,Delta,C6272,73,F,2,142.2,10
2025-01-27,South,Delta,C1715,38,Non-Binary,4,268.6,15
2025-01-25,West,Beta,C9115,20,F,5,175.5,10
2024-12-05,North,Delta,C2633,51,M,1,67.15,15
2024-05-27,West,Beta,C2225,48,M,3,105.3,10
2025-02-11,North,Gamma,C9742,42,M,4,212.4,10
2024-02-06,North,Beta,C5708,32,Non-Binary,1,37.05,5
2024-04-10,North,Delta,C3725,62,M,1,79.0,0
2024-11-28,North,Gamma,C6873,41,M,2,118.0,0
2025-06-27,West,Omega,C3950,28,F,1,89.1,10
2025-01-26,South,Delta,C3344,32,M,3,225.15,5
2024-09-18,North,Delta,C5712,61,Non-Binary,2,158.0,0
2025-03-28,East,Omega,C5901,58,M,3,282.15,5
2024-11-05,South,Delta,C8916,24,F,4,284.4,10
2025-01-02,East,Gamma,C1359,71,Non-Binary,4,236.0,0
2024-01-09,North,Omega,C9138,71,M,2,178.2,10
2024-12-26,South,Beta,C5106,61,Non-Binary,2,66.3,15
2024-04-09,North,Gamma,C8222,20,Non-Binary,3,150.45,15
2024-05-14,North,Gamma,C6352,65,M,2,118.0,0
2024-05-15,East,Omega,C9221,35,F,3,282.15,5
2024-10-29,East,Alpha,C8673,22,F,2,49.3,15
2025-02-10,East,Alpha,C7464,18,M,5,145.0,0
2025-04-10,East,Gamma,C7242,70,Non-Binary,3,177.0,0
2024-08-27,West,Alpha,C6374,57,F,1,24.65,15
2025-04-20,East,Delta,C2911,26,F,1,79.0,0
2025-05-19,North,Alpha,C4846,74,Non-Binary,2,55.1,5
2025-04-09,East,Omega,C7866,55,Non-Binary,2,188.1,5
2024-04-11,West,Omega,C7686,35,F,3,297.0,0
2025-03-30,West,Beta,C6942,24,Non-Binary,3,105.3,10
2025-01-02,North,Delta,C5520,30,F,4,316.0,0
2024-08-05,North,Alpha,C6464,33,F,5,145.0,0
2024-03-11,South,Omega,C4538,70,F,3,297.0,0
2025-09-02,North,Gamma,C3370,26,Non-Binary,3,177.0,0
2024-04-22,North,Beta,C1243,40,F,5,195.0,0
2024-01-17,South,Gamma,C1858,26,Non-Binary,4,212.4,10
2024-04-26,North,Delta,C8344,67,M,5,355.5,10
2024-04-21,West,Omega,C4629,57,F,5,495.0,0
2025-04-14,North,Alpha,C8847,72,M,4,98.6,15
2024-04-20,West,Delta,C2204,75,F,3,213.3,10
2024-05-31,North,Beta,C5505,57,Non-Binary,5,175.5,10
2024-11-28,West,Omega,C9692,36,M,5,445.5,10
2025-03-16,North,Alpha,C4522,45,M,2,55.1,5
2024-12-13,West,Delta,C7815,64,F,3,225.15,5
2024-11-16,East,Gamma,C3500,61,M,1,59.0,0
2024-03-28,North,Delta,C2582,65,Non-Binary,3,237.0,0
2025-07-23,North,Omega,C6400,60,F,4,396.0,0
2025-03-09,North,Gamma,C6119,40,F,5,265.5,10
2024-08-05,South,Delta,C4674,72,F,3,213.3,10
2025-01-11,North,Gamma,C4705,69,M,5,265.5,10
2025-09-20,North,Omega,C5381,19,F,3,252.45,15
2024-11-12,East,Gamma,C1100,29,F,5,250.75,15
2025-02-14,North,Beta,C1502,23,Non-Binary,5,195.0,0
2025-01-20,West,Delta,C6585,28,M,3,201.45,15
2024-11-28,North,Alpha,C3549,28,Non-Binary,1,24.65,15
2024-03-24,East,Delta,C7947,49,Non-Binary,4,300.2,5
2024-10-06,South,Omega,C2864,40,M,1,99.0,0
2025-08-30,West,Omega,C6053,20,F,4,356.4,10
2024-02-26,North,Beta,C5938,31,F,3,117.0,0
2024-12-01,North,Alpha,C9149,65,M,2,58.0,0
2025-01-24,South,Omega,C6802,22,M,1,94.05,5
2024-01-20,West,Alpha,C6129,54,M,5,137.75,5
2025-03-03,East,Alpha,C7636,19,M,2,52.2,10
2025-04-16,East,Alpha,C8155,72,F,2,55.1,5
2025-08-26,West,Omega,C2288,43,M,3,297.0,0
2024-12-07,South,Alpha,C9363,58,F,5,130.5,10
2024-07-17,East,Gamma,C3419,33,F,2,118.0,0
2024-07-21,South,Omega,C3504,66,Non-Binary,1,99.0,0
2025-05-20,West,Omega,C8354,61,Non-Binary,5,495.0,0
2024-11-19,South,Delta,C2118,48,M,3,237.0,0
2025-08-28,North,Gamma,C9312,22,M,4,224.2,5
2024-02-08,North,Gamma,C5703,22,Non-Binary,1,53.1,10
2025-08-31,West,Delta,C1672,46,Non-Binary,2,158.0,0
2025-09-11,West,Omega,C3471,21,M,1,99.0,0
2024-03-27,South,Alpha,C5059,63,M,4,104.4,10
2025-06-19,South,Gamma,C7108,36,M,4,236.0,0
2025-09-04,North,Gamma,C2079,39,F,5,250.75,15
2025-01-30,East,Gamma,C3463,39,F,5,250.75,15
2024-05-24,East,Gamma,C7421,26,Non-Binary,1,59.0,0
2025-07-26,West,Gamma,C3093,60,Non-Binary,5,295.0,0
2025-03-09,East,Alpha,C6940,37,F,2,58.0,0
2025-05-12,South,Beta,C3253,27,F,3,117.0,0
2025-06-03,North,Gamma,C3147,56,M,2,118.0,0
2024-07-04,South,Delta,C1715,44,M,2,150.1,5
2025-09-17,East,Delta,C4833,52,F,3,225.15,5
2024-07-17,East,Omega,C8218,47,M,4,356.4,10
2025-06-24,West,Beta,C4271,69,Non-Binary,2,78.0,0
2024-02-23,West,Gamma,C2680,63,Non-Binary,1,59.0,0
2024-03-26,South,Gamma,C8361,75,Non-Binary,2,112.1,5
2024-04-03,South,Delta,C6727,19,M,1,75.05,5
2025-05-29,East,Beta,C7326,23,M,2,78.0,0
2024-11-22,North,Gamma,C3392,26,F,3,168.15,5
2024-05-22,West,Delta,C1086,75,F,1,79.0,0
2024-08-08,South,Omega,C9647,45,F,3,297.0,0
2024-11-04,North,Alpha,C4906,44,Non-Binary,5,137.75,5
2024-03-05,North,Delta,C9782,19,Non-Binary,5,355.5,10
2024-09-04,South,Gamma,C8032,18,Non-Binary,3,177.0,0
2025-08-07,West,Beta,C2402,51,M,1,35.1,10
2025-07-11,North,Delta,C8702,20,Non-Binary,4,316.0,0
2024-09-16,North,Gamma,C2106,40,F,1,53.1,10
2024-12-06,South,Alpha,C6772,52,M,2,49.3,15
2025-04-20,West,Beta,C3209,22,Non-Binary,4,156.0,0
2024-10-27,South,Alpha,C4268,74,F,3,87.0,0
2025-06-11,West,Omega,C8756,34,F,2,198.0,0
2024-12-31,North,Gamma,C5476,25,M,4,224.2,5
2025-03-26,West,Gamma,C4060,49,Non-Binary,4,236.0,0
2025-06-15,East,Alpha,C7955,23,M,5,145.0,0
2025-07-12,East,Gamma,C2680,23,M,3,177.0,0
2025-04-01,West,Beta,C8272,40,M,1,33.15,15
2024-12-27,West,Gamma,C1939,22,Non-Binary,4,236.0,0
2025-06-09,South,Alpha,C3339,72,Non-Binary,4,116.0,0
2024-05-09,North,Beta,C7001,41,M,5,195.0,0
2025-09-11,South,Delta,C7077,41,M,1,71.1,10
2024-05-20,East,Delta,C6150,59,M,2,158.0,0
2024-01-27,South,Delta,C9482,42,Non-Binary,1,79.0,0
2024-09-23,West,Beta,C5678,62,M,2,78.0,0
2024-05-18,North,Delta,C3828,75,Non-Binary,4,316.0,0
2024-11-23,East,Alpha,C9882,36,M,2,49.3,15
2024-06-27,East,Omega,C4673,25,F,2,198.0,0
2025-05-20,North,Gamma,C7044,47,Non-Binary,2,106.2,10
2024-03-29,North,Gamma,C7523,63,Non-Binary,4,212.4,10
2025-02-24,West,Omega,C2208,26,M,1,94.05,5
2025-04-22,East,Beta,C3981,67,F,4,140.4,10
2024-02-26,North,Omega,C3507,37,F,2,198.0,0
2024-08-18,East,Omega,C5653,72,F,3,297.0,0
2025-07-18,East,Beta,C5961,57,Non-Binary,1,35.1,10
2024-06-21,South,Beta,C6531,71,Non-Binary,1,39.0,0
2024-03-24,North,Omega,C5336,59,F,5,470.25,5
2025-09-24,North,Delta,C9938,36,Non-Binary,3,225.15,5
2024-09-07,West,Gamma,C8430,22,Non-Binary,1,59.0,0
2025-03-26,West,Delta,C8609,31,M,5,395.0,0
2024-11-16,East,Gamma,C7532,26,M,5,265.5,10
2024-04-18,East,Beta,C8642,25,M,4,156.0,0
2024-05-24,North,Alpha,C5754,42,Non-Binary,4,116.0,0
2024-06-12,East,Omega,C6123,30,F,4,356.4,10
2025-04-23,West,Gamma,C9148,19,F,4,212.4,10
2025-04-13,South,Beta,C6781,21,F,3,111.15,5
2025-09-03,West,Gamma,C9793,18,F,4,236.0,0
2024-09-27,East,Delta,C6995,20,M,1,71.1,10
2025-07-29,South,Gamma,C5728,22,M,5,280.25,5
2025-07-17,East,Omega,C2946,26,F,4,396.0,0
2024-12-13,East,Beta,C4261,56,Non-Binary,4,140.4,10
2024-02-11,North,Alpha,C3245,63,M,4,104.4,10
2025-04-12,South,Omega,C9446,26,M,5,495.0,0
2024-06-15,West,Omega,C5902,55,M,5,445.5,10
2025-06-29,West,Omega,C5911,48,F,3,297.0,0
2024-04-22,West,Omega,C6040,68,Non-Binary,1,89.1,10
2025-04-30,East,Omega,C4728,64,F,5,470.25,5
2024-06-23,West,Beta,C4968,20,Non-Binary,1,39.0,0
2024-01-20,West,Gamma,C7861,27,M,2,112.1,5
2025-05-28,West,Alpha,C3262,51,F,5,145.0,0
2025-05-04,West,Gamma,C3837,47,Non-Binary,3,159.3,10
2024-12-28,East,Omega,C8932,30,F,3,267.3,10
2024-11-01,South,Gamma,C5735,63,F,4,236.0,0
2025-05-06,East,Omega,C5480,36,F,5,420.75,15
2025-07-10,West,Delta,C6654,67,F,3,237.0,0
2024-10-21,North,Gamma,C8247,59,M,4,236.0,0
2024-07-25,East,Omega,C5450,26,F,5,420.75,15
2025-08-23,South,Beta,C1831,60,Non-Binary,2,66.3,15
2024-08-26,North,Alpha,C7771,39,Non-Binary,4,116.0,0
2024-05-20,North,Omega,C3587,44,Non-Binary,4,376.2,5
2024-07-23,East,Gamma,C5676,59,F,1,50.15,15
2025-08-10,South,Omega,C1611,29,M,2,198.0,0
2025-02-10,West,Beta,C5742,74,F,1,39.0,0
2025-08-04,North,Gamma,C5662,47,Non-Binary,5,265.5,10
2025-05-20,South,Omega,C8668,35,F,1,99.0,0
2024-06-15,West,Gamma,C4050,18,Non-Binary,3,177.0,0
2025-08-04,South,Beta,C7643,70,M,5,195.0,0
2024-03-29,West,Alpha,C4027,26,M,3,87.0,0
2024-01-07,East,Delta,C4858,46,M,3,237.0,0
2025-08-19,North,Gamma,C6890,62,F,1,50.15,15
2024-05-01,West,Gamma,C3616,43,Non-Binary,5,250.75,15
2024-11-14,North,Gamma,C7021,57,F,2,118.0,0
2025-05-04,South,Delta,C7121,44,Non-Binary,5,375.25,5
2025-07-04,South,Beta,C2341,51,M,5,165.75,15
2025-01-05,North,Omega,C2838,21,Non-Binary,5,495.0,0
2025-08-09,South,Beta,C6375,72,Non-Binary,4,156.0,0
2024-07-29,West,Alpha,C9361,46,F,4,116.0,0
2025-06-09,West,Delta,C1945,53,M,3,201.45,15
2024-01-23,West,Gamma,C1049,65,F,5,295.0,0
2024-02-16,West,Gamma,C2044,52,F,1,56.05,5
2024-02-02,East,Delta,C3948,67,F,4,316.0,0
2025-01-26,West,Delta,C7154,23,Non-Binary,5,395.0,0
2024-12-22,North,Beta,C9802,43,Non-Binary,2,66.3,15
2024-08-16,North,Alpha,C5888,47,Non-Binary,5,137.75,5
2025-06-28,West,Beta,C5055,47,M,2,78.0,0
2024-07-12,North,Alpha,C7868,57,F,2,58.0,0
2024-03-09,North,Omega,C1550,46,Non-Binary,1,99.0,0
2024-02-15,West,Delta,C4839,52,F,1,79.0,0
2025-05-30,East,Beta,C6224,54,Non-Binary,3,117.0,0
2024-11-05,South,Omega,C4621,44,M,3,297.0,0
2025-07-24,South,Delta,C9120,21,M,4,284.4,10
2024-11-22,West,Delta,C3444,37,M,2,142.2,10
2025-04-29,South,Beta,C5927,72,Non-Binary,2,74.1,5
2024-02-29,West,Delta,C9683,26,M,2,158.0,0
2024-07-27,East,Alpha,C8369,72,M,1,26.1,10
2024-07-14,North,Gamma,C7179,61,Non-Binary,5,295.0,0
2024-03-15,South,Omega,C4555,48,F,3,297.0,0
2024-01-16,South,Beta,C2922,65,M,2,66.3,15
2025-09-10,South,Delta,C4921,53,M,3,225.15,5
2025-04-22,East,Gamma,C5285,41,Non-Binary,4,224.2,5
2024-04-10,West,Gamma,C4328,41,M,4,236.0,0
2025-07-30,South,Beta,C1265,34,Non-Binary,5,175.5,10
2025-03-03,East,Beta,C4214,39,F,4,140.4,10
2024-09-08,West,Omega,C6530,34,M,4,376.2,5
2024-06-21,East,Beta,C3293,64,Non-Binary,4,156.0,0
2025-07-09,North,Omega,C1554,71,F,1,99.0,0
2025-02-26,South,Beta,C2113,63,F,1,39.0,0
2025-06-01,West,Gamma,C1990,57,Non-Binary,5,280.25,5
2025-05-14,North,Alpha,C9719,53,M,1,29.0,0
2025-06-26,East,Omega,C5697,19,Non-Binary,4,396.0,0
2024-04-19,North,Omega,C3439,33,F,5,445.5,10
2024-09-15,East,Gamma,C7502,23,M,4,224.2,5
2025-08-01,South,Beta,C5914,61,F,1,39.0,0
2025-02-19,West,Delta,C8798,21,Non-Binary,1,67.15,15
2024-06-24,North,Delta,C8109,59,M,5,395.0,0
2025-06-24,North,Beta,C4463,75,Non-Binary,5,185.25,5
2024-10-04,North,Alpha,C5593,75,Non-Binary,5,123.25,15
2024-02-03,South,Gamma,C1256,31,Non-Binary,2,100.3,15
2025-02-11,North,Gamma,C3661,54,F,5,280.25,5
2025-07-07,East,Delta,C3292,68,Non-Binary,1,71.1,10
2024-12-20,North,Alpha,C8161,32,F,3,78.3,10
2025-09-20,West,Gamma,C1485,58,M,4,224.2,5
2024-08-21,East,Omega,C7150,45,F,5,420.75,15
2025-01-24,North,Omega,C5839,69,F,1,99.0,0
2024-10-01,South,Delta,C3527,65,M,3,237.0,0
2024-04-19,North,Alpha,C6050,46,M,3,87.0,0
2024-05-15,North,Beta,C8061,46,Non-Binary,5,175.5,10
2025-02-21,North,Alpha,C2468,40,Non-Binary,1,26.1,10
2025-09-04,East,Delta,C1202,36,M,4,316.0,0
2025-07-26,South,Omega,C9537,28,Non-Binary,4,396.0,0
2024-05-22,East,Gamma,C5397,49,F,1,59.0,0
2025-03-21,East,Delta,C5911,48,F,3,237.0,0
2024-09-09,West,Omega,C4203,47,F,2,198.0,0
2024-01-07,West,Gamma,C7224,69,M,4,236.0,0
2025-03-16,South,Gamma,C6253,56,Non-Binary,2,112.1,5
2024-11-17,South,Delta,C6228,36,Non-Binary,4,284.4,10
2024-09-05,East,Delta,C5592,70,M,3,237.0,0
2025-07-31,South,Omega,C9939,29,Non-Binary,5,495.0,0
2025-04-17,South,Delta,C5773,71,Non-Binary,1,75.05,5
2025-05-26,South,Gamma,C4965,34,Non-Binary,2,100.3,15
2025-03-09,West,Alpha,C8357,56,M,5,137.75,5
2025-07-01,West,Omega,C1602,68,M,5,445.5,10
2024-03-28,North,Beta,C6816,28,Non-Binary,5,195.0,0
2025-07-30,West,Gamma,C8052,24,F,1,59.0,0
2024-08-15,South,Delta,C7129,43,M,5,335.75,15
2025-05-27,South,Gamma,C1402,48,F,3,168.15,5
2024-03-28,North,Beta,C6707,37,M,4,156.0,0
2025-06-17,West,Gamma,C8801,24,M,4,236.0,0
2024-03-09,East,Alpha,C2885,19,M,1,24.65,15
2024-06-17,South,Omega,C3858,53,F,3,267.3,10
2025-03-12,West,Beta,C7636,58,F,2,66.3,15
2025-03-18,West,Alpha,C4232,46,Non-Binary,4,110.2,5
2024-01-05,South,Beta,C5560,66,Non-Binary,1,35.1,10
2024-04-14,South,Gamma,C6340,30,M,1,59.0,0
2025-05-16,East,Omega,C7367,57,M,5,495.0,0
2024-12-22,East,Delta,C3826,70,Non-Binary,3,213.3,10
2025-08-27,North,Beta,C6131,25,F,3,117.0,0
2024-07-06,East,Beta,C9369,42,M,5,195.0,0
2025-08-11,West,Delta,C4043,49,Non-Binary,5,335.75,15
2024-06-26,South,Delta,C5732,26,F,3,225.15,5
2025-09-26,North,Gamma,C1157,49,F,2,112.1,5
2025-07-29,West,Delta,C9056,44,Non-Binary,4,300.2,5
2024-06-20,North,Omega,C1505,68,F,3,297.0,0
2024-10-08,South,Omega,C5729,28,M,5,420.75,15
2025-05-22,North,Omega,C2871,35,Non-Binary,3,267.3,10
2024-02-12,West,Omega,C4580,45,F,2,198.0,0
2024-02-03,West,Gamma,C6711,73,F,4,236.0,0
2024-08-30,South,Omega,C6744,73,Non-Binary,5,420.75,15
2025-03-14,South,Omega,C3281,68,F,2,198.0,0
2025-08-06,East,Omega,C5605,56,Non-Binary,2,198.0,0
2024-10-26,East,Omega,C5380,72,Non-Binary,1,99.0,0
2025-02-25,North,Gamma,C3078,62,F,2,118.0,0
2024-11-25,South,Delta,C9019,27,Non-Binary,3,201.45,15
2025-02-28,West,Delta,C2237,58,F,4,284.4,10
2024-10-11,East,Delta,C8996,38,Non-Binary,1,67.15,15
2024-04-05,West,Gamma,C2037,68,Non-Binary,4,236.0,0
2025-03-15,South,Delta,C5399,38,M,3,213.3,10
2025-08-14,South,Omega,C8951,68,M,1,99.0,0
2024-04-11,West,Alpha,C3035,72,F,4,110.2,5
2024-01-01,West,Beta,C3161,74,Non-Binary,3,117.0,0
2024-10-07,North,Gamma,C5102,23,M,2,118.0,0
2025-02-09,East,Beta,C8032,59,F,1,39.0,0
2024-08-06,West,Alpha,C3174,55,F,5,123.25,15
2025-03-31,North,Alpha,C6629,70,F,4,98.6,15
2024-05-15,West,Alpha,C4751,42,F,1,29.0,0
2024-11-16,East,Gamma,C3246,42,F,2,118.0,0
2025-06-27,North,Omega,C3688,46,M,2,168.3,15
2024-06-04,West,Omega,C8248,73,F,1,99.0,0
2024-05-23,North,Omega,C7291,40,M,3,297.0,0
2024-09-10,East,Alpha,C5065,53,Non-Binary,5,123.25,15
2025-09-14,East,Alpha,C5942,31,Non-Binary,5,130.5,10
2024-07-12,West,Gamma,C1894,68,F,4,224.2,5
2024-04-25,South,Delta,C2163,51,F,3,237.0,0
2024-05-15,West,Omega,C7895,41,Non-Binary,2,188.1,5
2024-03-15,North,Omega,C2106,18,M,2,198.0,0
2024-03-02,West,Omega,C5693,58,Non-Binary,5,470.25,5
2025-03-09,West,Alpha,C9791,52,Non-Binary,2,58.0,0
2024-03-26,East,Alpha,C9377,31,F,5,145.0,0
2025-02-04,North,Gamma,C8167,64,F,1,59.0,0
2024-03-29,West,Alpha,C8428,57,Non-Binary,1,29.0,0
2024-06-28,North,Alpha,C3248,62,F,2,55.1,5
2024-12-21,East,Beta,C7092,26,Non-Binary,3,99.45,15
2024-04-30,North,Gamma,C8034,35,Non-Binary,1,59.0,0
2025-08-13,North,Delta,C8457,50,M,1,75.05,5
2025-08-03,South,Gamma,C3577,34,F,5,250.75,15
2024-04-28,South,Omega,C1042,20,F,2,198.0,0
2025-04-28,East,Delta,C3458,29,F,5,335.75,15
2025-03-05,South,Gamma,C5067,44,Non-Binary,3,177.0,0
2024-03-20,East,Alpha,C9225,61,F,2,58.0,0
2025-06-12,North,Delta,C2129,74,M,3,237.0,0
2024-12-01,North,Omega,C8483,18,M,2,198.0,0
2025-07-31,East,Omega,C4974,47,M,5,470.25,5
2024-07-19,South,Beta,C1104,44,F,2,70.2,10
2024-12-20,North,Gamma,C1023,66,Non-Binary,4,200.6,15
2024-11-10,North,Beta,C9680,33,M,4,156.0,0
2024-05-25,East,Alpha,C1719,32,Non-Binary,4,98.6,15
2025-01-16,West,Alpha,C2565,50,F,4,116.0,0
2025-08-29,North,Delta,C3141,33,M,3,237.0,0
2025-02-06,East,Gamma,C8417,35,F,1,59.0,0
2024-05-19,North,Beta,C2731,28,M,4,156.0,0
2025-02-20,North,Omega,C6870,67,F,4,396.0,0
2025-04-19,East,Alpha,C2481,28,Non-Binary,3,73.95,15
2025-09-09,North,Beta,C6370,27,F,2,78.0,0
2025-02-09,North,Gamma,C5262,70,F,1,56.05,5
2025-04-08,South,Alpha,C8570,24,F,1,29.0,0
2024-03-04,South,Beta,C4246,70,M,3,99.45,15
2024-03-27,East,Alpha,C1357,22,F,4,116.0,0
2024-04-04,East,Alpha,C1699,47,F,2,52.2,10
2025-03-19,West,Delta,C1483,42,Non-Binary,4,316.0,0
2024-12-28,South,Beta,C5505,35,M,2,78.0,0
2025-09-20,South,Gamma,C9173,44,Non-Binary,4,236.0,0
2024-03-30,East,Delta,C3248,44,F,5,395.0,0
2025-07-10,North,Delta,C6883,48,Non-Binary,4,316.0,0
2025-08-02,East,Delta,C5430,29,F,3,213.3,10
2024-08-12,North,Gamma,C1959,69,M,5,295.0,0
2025-08-21,South,Beta,C2640,33,Non-Binary,2,78.0,0
2025-06-30,North,Beta,C7363,40,F,2,78.0,0
2025-08-29,East,Gamma,C1462,63,Non-Binary,3,159.3,10
2025-07-31,South,Omega,C4084,71,M,5,495.0,0
2024-06-28,West,Alpha,C2478,21,F,5,145.0,0
2024-01-21,West,Alpha,C6435,57,F,2,58.0,0
2024-06-30,East,Alpha,C1359,27,Non-Binary,2,58.0,0
2025-06-22,East,Alpha,C7120,63,Non-Binary,4,104.4,10
2024-04-13,East,Gamma,C6285,26,F,4,200.6,15
2025-05-13,East,Beta,C6846,32,Non-Binary,5,195.0,0
2025-01-22,East,Gamma,C3086,29,Non-Binary,1,50.15,15
2025-08-09,West,Omega,C1530,29,Non-Binary,3,267.3,10
2024-08-14,North,Delta,C3304,39,Non-Binary,1,79.0,0
2024-12-21,East,Beta,C2453,70,Non-Binary,3,111.15,5
2024-01-12,East,Beta,C5088,62,F,3,117.0,0
2024-04-20,North,Alpha,C7323,46,Non-Binary,4,116.0,0
2025-02-27,West,Delta,C6754,52,M,1,75.05,5
2025-08-14,South,Beta,C8393,22,F,3,117.0,0
2024-11-22,East,Alpha,C2215,39,F,4,116.0,0
2024-03-17,North,Gamma,C8909,63,F,4,200.6,15
2024-06-17,West,Beta,C1877,24,M,2,78.0,0
2025-02-23,East,Gamma,C5872,33,F,1,56.05,5
2025-08-08,West,Beta,C1893,41,F,4,156.0,0
2024-10-28,West,Beta,C2589,19,F,2,66.3,15
2024-10-25,North,Delta,C2892,37,M,4,300.2,5
2024-09-28,North,Omega,C7349,29,M,4,396.0,0
2024-07-10,West,Alpha,C5313,46,M,3,87.0,0
2024-10-02,North,Beta,C2584,23,Non-Binary,3,105.3,10
2025-02-27,South,Omega,C1999,71,M,5,470.25,5
2025-07-02,West,Omega,C4860,48,M,1,94.05,5
2024-02-05,South,Alpha,C8357,29,F,2,58.0,0
2024-05-09,North,Delta,C2283,61,M,2,134.3,15
2024-05-31,East,Gamma,C2097,23,M,5,280.25,5
2025-07-19,East,Gamma,C9514,47,F,5,265.5,10
2025-06-19,West,Alpha,C7790,27,F,5,130.5,10
2025-08-19,North,Alpha,C2654,68,M,5,145.0,0
2025-02-24,East,Delta,C8955,54,Non-Binary,4,316.0,0
2024-06-25,East,Delta,C3356,57,Non-Binary,4,316.0,0
2025-02-09,East,Beta,C1807,65,M,3,117.0,0
2024-01-21,East,Gamma,C6094,35,M,1,59.0,0
2024-05-17,East,Delta,C6257,35,Non-Binary,4,284.4,10
2024-04-01,South,Delta,C4463,70,M,4,284.4,10
2025-01-17,North,Omega,C3604,22,M,5,470.25,5
2024-05-18,North,Beta,C4158,74,F,1,39.0,0
2024-02-03,West,Alpha,C6904,63,F,3,87.0,0
2025-04-20,West,Alpha,C1500,33,M,4,104.4,10
2025-04-01,South,Delta,C6730,40,F,3,201.45,15
2024-04-02,East,Alpha,C7333,21,F,5,145.0,0
2024-08-14,South,Beta,C5408,59,M,5,195.0,0
2024-01-10,West,Beta,C3837,56,F,2,78.0,0
2025-09-14,East,Gamma,C7943,75,M,3,168.15,5
2024-09-15,South,Delta,C5950,61,Non-Binary,5,375.25,5
2025-08-21,North,Alpha,C9380,60,M,5,123.25,15
2025-08-31,East,Gamma,C2771,48,F,3,177.0,0
2024-11-28,East,Gamma,C5895,30,F,5,295.0,0
2024-02-28,West,Gamma,C3292,64,F,4,236.0,0
2024-09-22,West,Delta,C7361,65,F,5,335.75,15
2025-08-08,South,Gamma,C4643,61,Non-Binary,4,200.6,15
2025-01-02,East,Beta,C3967,36,F,4,156.0,0
2024-09-21,South,Gamma,C2463,32,M,2,100.3,15
2024-11-10,West,Gamma,C7089,34,Non-Binary,3,168.15,5
2024-04-30,West,Alpha,C2166,48,F,5,145.0,0
2025-01-25,East,Delta,C1885,73,F,2,158.0,0
2024-12-16,West,Omega,C8496,27,M,2,198.0,0
2025-05-14,East,Beta,C6134,58,F,1,37.05,5
2024-10-07,South,Beta,C3595,49,F,2,70.2,10
2025-03-20,West,Delta,C8029,48,M,1,79.0,0
2025-06-30,South,Gamma,C1230,75,M,5,295.0,0
2024-01-19,North,Beta,C4707,62,M,3,117.0,0
2024-04-15,West,Omega,C6015,28,F,1,99.0,0
2024-10-24,West,Omega,C9587,39,M,2,198.0,0
2025-05-16,East,Beta,C3701,69,M,1,39.0,0
2024-08-17,South,Beta,C1359,55,Non-Binary,2,78.0,0
2025-01-10,North,Delta,C5190,67,Non-Binary,5,395.0,0
2025-08-31,North,Alpha,C1323,21,Non-Binary,1,27.55,5
2025-03-30,West,Alpha,C9966,34,M,2,58.0,0
2024-01-10,East,Delta,C2654,60,Non-Binary,3,213.3,10
2025-09-12,South,Delta,C2718,50,Non-Binary,5,395.0,0
2024-10-16,North,Alpha,C9154,30,Non-Binary,2,58.0,0
2025-06-19,South,Gamma,C7713,36,F,1,53.1,10
2025-05-23,South,Delta,C6416,33,F,1,67.15,15
2024-04-01,North,Omega,C9095,27,F,5,495.0,0
2024-04-13,East,Beta,C8483,36,M,4,156.0,0
2024-04-12,South,Alpha,C5760,41,Non-Binary,3,82.65,5
2024-04-28,North,Alpha,C1158,72,F,2,58.0,0
2025-01-01,West,Omega,C5395,74,Non-Binary,1,99.0,0
2024-12-16,South,Alpha,C7566,43,M,3,82.65,5
2025-05-04,West,Beta,C2852,26,Non-Binary,1,39.0,0
2024-04-16,West,Omega,C8908,69,Non-Binary,4,396.0,0
2025-09-17,West,Gamma,C1472,73,Non-Binary,2,112.1,5
2025-05-14,North,Delta,C8220,20,F,3,201.45,15
2024-11-17,North,Omega,C4669,60,M,5,445.5,10
2025-09-25,North,Delta,C5072,48,M,4,316.0,0
2025-07-25,North,Alpha,C3571,50,M,4,116.0,0
2024-03-17,West,Gamma,C4946,39,M,1,53.1,10
2024-08-16,West,Delta,C4850,23,M,4,284.4,10
2025-04-03,North,Delta,C8324,38,F,4,268.6,15
2024-01-19,North,Delta,C7755,20,Non-Binary,5,395.0,0
2024-04-03,East,Omega,C4389,59,Non-Binary,4,396.0,0
2025-01-07,North,Beta,C8445,39,Non-Binary,5,175.5,10
2025-04-29,East,Delta,C2868,24,Non-Binary,2,158.0,0
2024-12-15,East,Gamma,C9973,51,M,1,59.0,0
2024-06-17,West,Beta,C7704,24,M,5,195.0,0
2024-07-11,North,Delta,C4532,47,F,3,237.0,0
2025-02-28,North,Omega,C3018,67,M,4,336.6,15
2025-08-26,South,Delta,C1071,51,Non-Binary,1,71.1,10
2025-03-19,West,Omega,C3903,62,Non-Binary,2,168.3,15
2024-05-11,North,Delta,C6273,50,M,4,284.4,10
2024-09-11,East,Delta,C6617,36,M,2,158.0,0
2025-02-26,East,Omega,C6143,63,Non-Binary,5,420.75,15
2024-08-10,South,Beta,C5760,61,M,2,66.3,15
2024-07-01,East,Alpha,C6771,53,M,5,130.5,10
2025-03-03,East,Delta,C1209,51,F,1,75.05,5
2024-05-28,North,Alpha,C4275,35,F,3,73.95,15
2024-09-13,South,Alpha,C5835,31,Non-Binary,1,29.0,0
2025-04-08,North,Omega,C4675,65,Non-Binary,5,470.25,5
2024-08-31,East,Alpha,C7251,42,M,3,78.3,10
2024-02-25,North,Gamma,C4327,57,M,2,100.3,15
2025-01-11,South,Beta,C5819,46,F,1,39.0,0
2024-06-26,North,Delta,C1665,45,M,5,395.0,0
2024-05-13,South,Omega,C5178,18,M,4,336.6,15
2024-06-07,North,Beta,C6285,56,F,5,165.75,15
2024-11-04,West,Omega,C6866,22,Non-Binary,3,267.3,10
2024-08-13,South,Omega,C2117,68,Non-Binary,2,188.1,5
2025-07-10,West,Alpha,C6724,32,F,3,87.0,0
2025-01-04,East,Beta,C9691,48,Non-Binary,1,39.0,0
2024-12-20,West,Beta,C4994,20,Non-Binary,3,111.15,5
2024-04-26,West,Gamma,C9851,64,M,1,53.1,10
2025-01-18,West,Delta,C1718,36,Non-Binary,2,158.0,0
2025-06-10,North,Alpha,C3742,67,Non-Binary,5,145.0,0
2024-03-08,South,Beta,C7950,71,F,2,70.2,10
2025-03-21,North,Beta,C1389,47,Non-Binary,3,117.0,0
2024-03-30,North,Alpha,C3916,68,M,5,145.0,0
2025-08-11,South,Gamma,C7678,42,M,4,224.2,5
2024-11-19,North,Delta,C2938,52,F,5,395.0,0
2025-08-22,North,Alpha,C6860,50,F,3,73.95,15
2024-11-04,North,Gamma,C8170,42,M,1,56.05,5
2024-06-09,South,Beta,C7406,68,Non-Binary,3,99.45,15
2024-05-27,East,Gamma,C1182,53,Non-Binary,2,118.0,0
2024-02-12,North,Omega,C7456,52,Non-Binary,1,99.0,0
2024-08-03,East,Beta,C7760,75,Non-Binary,5,195.0,0
2024-06-13,South,Beta,C5140,30,F,2,66.3,15
2025-08-03,North,Omega,C8557,59,Non-Binary,1,99.0,0
2024-03-09,East,Alpha,C4234,64,Non-Binary,4,116.0,0
2024-12-31,South,Beta,C2639,36,Non-Binary,1,39.0,0
2024-11-21,West,Delta,C6379,57,Non-Binary,3,201.45,15
2025-08-21,South,Omega,C6971,69,M,4,396.0,0
2024-01-05,East,Beta,C4629,63,Non-Binary,4,156.0,0
2025-01-03,South,Gamma,C8863,47,M,3,177.0,0
2025-05-13,North,Beta,C2343,71,M,2,70.2,10
2024-07-20,East,Alpha,C2235,75,F,5,123.25,15
2024-02-01,West,Omega,C4485,20,Non-Binary,3,267.3,10
2025-07-06,West,Beta,C6993,43,F,5,165.75,15
2024-10-24,South,Delta,C9210,50,F,4,316.0,0
2025-05-29,North,Beta,C3717,66,Non-Binary,2,74.1,5
2024-06-12,South,Omega,C3395,65,Non-Binary,4,396.0,0
2024-02-11,South,Delta,C4796,22,M,3,237.0,0
2024-02-13,South,Omega,C6918,42,M,4,396.0,0
2024-02-10,East,Alpha,C9542,58,M,3,78.3,10
2025-07-11,South,Delta,C7201,41,Non-Binary,1,71.1,10
2024-09-14,West,Beta,C9460,43,M,3,111.15,5
2025-05-08,North,Omega,C3276,46,F,2,198.0,0
2025-06-10,East,Beta,C3461,29,F,3,105.3,10
2024-05-01,South,Delta,C6410,64,F,4,268.6,15
2025-05-05,West,Beta,C3641,59,M,1,39.0,0
2024-02-14,South,Omega,C3639,26,Non-Binary,5,495.0,0
2025-08-09,South,Alpha,C3725,34,F,5,137.75,5
2025-09-05,North,Gamma,C2404,31,M,5,280.25,5
2025-05-08,South,Beta,C7730,56,F,5,195.0,0
2025-09-30,East,Beta,C6614,47,Non-Binary,5,195.0,0
2024-08-23,West,Delta,C3166,24,F,2,142.2,10
2025-05-31,West,Beta,C2577,29,M,5,175.5,10
2024-02-09,North,Alpha,C8901,60,F,5,130.5,10
2024-01-02,West,Omega,C7892,41,F,5,470.25,5
2024-08-22,West,Delta,C6742,55,Non-Binary,5,395.0,0
2025-03-11,South,Gamma,C8817,67,F,1,59.0,0
2025-09-04,West,Gamma,C4096,18,Non-Binary,1,53.1,10
2025-06-19,North,Omega,C1117,42,Non-Binary,2,168.3,15
2024-11-19,West,Gamma,C2746,27,M,5,295.0,0
2024-09-24,West,Omega,C6990,57,M,4,396.0,0
2025-02-27,West,Beta,C7065,53,Non-Binary,4,156.0,0
2024-11-10,East,Delta,C3262,72,Non-Binary,1,67.15,15
2024-08-23,West,Beta,C2642,31,Non-Binary,4,156.0,0
2025-07-17,North,Beta,C7375,58,F,1,39.0,0
2025-04-27,West,Alpha,C2049,34,F,3,87.0,0
2025-09-15,North,Delta,C7564,57,Non-Binary,5,395.0,0
2025-09-03,North,Beta,C9099,46,F,2,66.3,15
2025-06-14,East,Beta,C1550,68,Non-Binary,5,175.5,10
2024-08-25,South,Alpha,C6893,33,Non-Binary,1,29.0,0
2024-03-29,East,Delta,C6785,60,M,4,284.4,10
2024-07-24,North,Alpha,C2477,53,M,5,130.5,10
2024-12-22,East,Gamma,C4707,56,F,4,224.2,5
2025-08-11,North,Gamma,C3867,44,Non-Binary,1,53.1,10
2024-03-15,East,Gamma,C2917,69,Non-Binary,3,159.3,10
2025-08-11,East,Delta,C7178,54,M,2,158.0,0
2025-04-14,West,Omega,C1448,48,F,3,297.0,0
2025-01-26,South,Beta,C6172,44,M,5,175.5,10
2024-01-10,East,Beta,C5706,23,M,3,117.0,0
2025-07-21,South,Delta,C6142,40,F,5,395.0,0
2024-07-06,South,Delta,C4271,33,Non-Binary,2,158.0,0
2024-07-30,South,Beta,C5091,71,Non-Binary,3,117.0,0
2024-04-19,North,Alpha,C9071,57,F,5,145.0,0
2025-05-08,East,Omega,C6167,49,Non-Binary,3,282.15,5
2024-07-06,East,Delta,C4638,66,Non-Binary,2,158.0,0
2025-06-22,West,Delta,C9859,20,Non-Binary,3,225.15,5
2024-06-27,West,Alpha,C9490,47,M,1,29.0,0
2024-08-03,West,Omega,C2650,38,M,5,495.0,0
2024-07-10,East,Beta,C5413,48,Non-Binary,3,117.0,0
2024-07-07,West,Delta,C4449,44,Non-Binary,3,237.0,0
2025-02-14,East,Delta,C3947,54,F,5,335.75,15
2024-08-22,North,Gamma,C4863,53,M,4,236.0,0
2024-05-29,South,Delta,C1159,29,M,4,316.0,0
2025-06-13,East,Delta,C5915,34,Non-Binary,5,395.0,0
2025-02-11,North,Beta,C1983,31,M,4,132.6,15
2024-04-08,West,Gamma,C5256,41,M,5,265.5,10
2024-09-20,East,Alpha,C7746,25,M,5,145.0,0
2025-08-13,South,Gamma,C6818,38,Non-Binary,5,280.25,5
2025-04-02,North,Delta,C5694,47,Non-Binary,2,158.0,0
2024-12-11,West,Omega,C7631,72,F,1,99.0,0
2024-12-17,South,Gamma,C6191,59,M,3,159.3,10
2025-02-08,East,Delta,C6950,65,Non-Binary,5,375.25,5
2025-02-27,South,Beta,C1378,26,Non-Binary,2,66.3,15
2024-09-14,North,Beta,C3734,43,F,1,39.0,0
2025-04-29,North,Alpha,C7504,51,F,1,29.0,0
2025-09-24,South,Alpha,C7387,37,F,2,49.3,15
2024-10-17,West,Beta,C3150,51,F,1,39.0,0
2024-12-31,East,Delta,C8654,73,Non-Binary,3,213.3,10
2025-03-31,South,Omega,C3900,55,Non-Binary,4,336.6,15
2025-07-31,West,Omega,C9745,37,M,4,356.4,10
2024-08-20,North,Delta,C6044,41,M,3,237.0,0
2024-11-06,North,Alpha,C9574,70,F,3,87.0,0
2025-04-25,North,Delta,C8816,37,F,4,316.0,0
2025-09-03,South,Alpha,C9981,41,F,4,104.4,10
2025-03-23,West,Beta,C3675,63,Non-Binary,4,148.2,5
2024-08-13,East,Alpha,C7917,58,F,5,130.5,10
2024-10-05,East,Omega,C5404,44,F,1,99.0,0
2024-05-19,East,Alpha,C8460,57,M,3,73.95,15
2025-09-29,West,Beta,C6253,19,F,1,35.1,10
2024-01-23,South,Alpha,C5622,35,F,4,98.6,15
2024-01-09,South,Alpha,C3468,18,M,2,58.0,0
2025-03-06,East,Delta,C7084,47,Non-Binary,1,79.0,0
2024-03-23,South,Alpha,C5366,67,M,1,26.1,10
2025-04-26,South,Beta,C5097,70,M,1,39.0,0
2024-09-11,West,Delta,C5049,65,F,2,150.1,5
2024-04-06,South,Delta,C7375,61,M,3,237.0,0
2024-02-13,North,Gamma,C8884,58,M,2,118.0,0
2024-02-23,South,Alpha,C4866,58,M,3,87.0,0
2024-06-20,East,Omega,C2960,43,F,1,99.0,0
2025-08-18,West,Omega,C3539,41,F,2,198.0,0
2025-05-26,North,Omega,C6544,66,Non-Binary,1,99.0,0
2024-12-30,South,Omega,C2759,26,M,2,198.0,0
2025-07-25,East,Delta,C4161,19,Non-Binary,4,316.0,0
2024-05-17,East,Alpha,C8951,63,M,5,145.0,0
2025-07-09,West,Beta,C4057,52,M,3,99.45,15
2025-04-24,East,Omega,C3627,22,Non-Binary,2,188.1,5
2024-10-29,East,Omega,C7014,47,F,5,470.25,5
2024-07-08,North,Omega,C6965,67,Non-Binary,2,198.0,0
2024-03-05,West,Beta,C9586,61,M,5,195.0,0
2025-09-19,East,Gamma,C7714,59,M,1,59.0,0
2025-06-19,North,Alpha,C3126,29,F,2,58.0,0
2025-05-12,South,Alpha,C1521,54,Non-Binary,4,98.6,15
2025-05-16,East,Alpha,C7002,32,Non-Binary,1,29.0,0
2024-08-01,West,Alpha,C8668,69,Non-Binary,1,29.0,0
2025-07-25,West,Gamma,C1955,70,Non-Binary,3,159.3,10
2024-02-11,North,Gamma,C2276,31,Non-Binary,1,59.0,0
2024-08-24,West,Beta,C4164,51,Non-Binary,2,70.2,10
2025-10-02,South,Omega,C7802,65,F,5,495.0,0
2025-04-14,West,Alpha,C3733,68,F,5,137.75,5
2025-05-31,East,Beta,C9747,56,M,3,117.0,0
2025-07-17,East,Gamma,C7755,66,Non-Binary,4,200.6,15
2024-11-27,South,Omega,C9939,31,M,5,420.75,15
2024-09-17,East,Delta,C8331,43,F,1,79.0,0
2025-09-02,North,Omega,C3213,74,M,1,99.0,0
2024-08-15,South,Gamma,C1355,67,Non-Binary,3,159.3,10
2025-06-07,South,Alpha,C1618,47,M,2,58.0,0
2024-09-28,East,Omega,C5093,32,M,3,297.0,0
2025-08-07,West,Omega,C4562,64,F,3,282.15,5
2024-06-26,West,Omega,C2562,56,Non-Binary,3,297.0,0
2025-08-13,West,Alpha,C1916,67,M,3,82.65,5
2025-03-02,North,Beta,C1187,58,Non-Binary,4,156.0,0
2024-11-08,North,Gamma,C9846,54,F,3,159.3,10
2024-08-14,South,Alpha,C7436,46,Non-Binary,5,130.5,10
2024-04-02,South,Delta,C5747,68,M,2,158.0,0
2024-12-10,North,Delta,C1807,53,M,3,237.0,0
2025-02-12,West,Beta,C3209,48,Non-Binary,2,74.1,5
2025-02-08,South,Omega,C9589,33,F,1,99.0,0
2025-03-16,East,Omega,C2467,25,Non-Binary,4,376.2,5
2025-01-09,East,Beta,C6254,40,Non-Binary,1,39.0,0
2024-06-22,East,Omega,C8245,57,F,4,396.0,0
2024-08-27,South,Gamma,C3555,66,Non-Binary,1,59.0,0
2024-02-25,South,Omega,C3419,73,M,1,99.0,0
2024-04-23,East,Delta,C8719,19,M,2,134.3,15
2025-07-04,South,Beta,C9952,51,M,5,185.25,5
2025-09-29,South,Alpha,C7170,55,Non-Binary,5,145.0,0
2024-09-18,South,Alpha,C5653,30,Non-Binary,5,145.0,0
2024-02-24,West,Alpha,C2091,42,Non-Binary,3,73.95,15
2025-01-03,North,Alpha,C5792,73,Non-Binary,4,116.0,0
2025-01-24,North,Gamma,C8940,73,Non-Binary,5,295.0,0
2024-07-09,South,Omega,C8503,53,Non-Binary,1,99.0,0
2024-09-10,East,Gamma,C9027,43,Non-Binary,2,118.0,0
2024-12-21,East,Gamma,C5953,33,Non-Binary,3,177.0,0
2025-10-02,East,Delta,C1482,53,M,2,158.0,0
2024-12-15,West,Beta,C2438,64,M,5,165.75,15
2025-09-19,South,Delta,C4938,54,F,4,316.0,0
2025-09-11,East,Delta,C9883,26,F,2,142.2,10
2025-07-08,South,Beta,C6062,62,Non-Binary,5,195.0,0
2025-03-16,South,Omega,C3589,38,F,5,445.5,10
2024-05-01,South,Gamma,C3384,64,F,3,168.15,5
2025-02-25,East,Delta,C5485,27,F,1,79.0,0
2024-07-08,North,Omega,C5372,56,Non-Binary,5,495.0,0
2025-09-02,South,Beta,C1427,40,F,4,156.0,0
2025-05-29,West,Gamma,C4014,72,M,4,224.2,5
2024-05-20,South,Beta,C4707,20,M,1,39.0,0
2025-02-26,South,Beta,C4351,22,F,4,140.4,10
2025-05-16,East,Delta,C5043,45,M,1,71.1,10
2025-01-24,East,Delta,C9784,51,Non-Binary,1,71.1,10
2024-04-21,West,Delta,C1694,74,F,5,355.5,10
2025-02-09,North,Omega,C7347,51,Non-Binary,1,99.0,0
2024-10-25,West,Delta,C5989,67,M,4,316.0,0
2025-03-08,East,Omega,C1893,62,Non-Binary,2,188.1,5
2025-04-07,North,Omega,C2854,29,Non-Binary,5,495.0,0
2025-02-06,West,Gamma,C8387,19,F,4,212.4,10
2024-07-25,West,Alpha,C5097,38,Non-Binary,2,49.3,15
2024-05-06,North,Alpha,C8362,58,M,1,26.1,10
2025-01-28,South,Delta,C7235,20,F,3,213.3,10
2024-06-02,South,Beta,C3930,67,Non-Binary,1,37.05,5
2024-11-11,East,Delta,C5731,58,F,1,79.0,0
2024-07-26,North,Omega,C5146,18,M,4,376.2,5
2025-07-10,North,Omega,C9084,33,F,5,420.75,15
2025-05-02,West,Delta,C8239,23,Non-Binary,5,395.0,0
2024-09-07,East,Omega,C4401,21,F,2,198.0,0
2024-12-23,North,Beta,C1531,60,Non-Binary,5,195.0,0
2024-12-05,North,Alpha,C2784,44,F,2,49.3,15
2024-10-18,South,Delta,C6901,20,F,3,237.0,0
2025-01-12,West,Alpha,C8001,71,Non-Binary,1,29.0,0
2025-04-27,South,Alpha,C5496,39,Non-Binary,4,104.4,10
2024-08-02,South,Omega,C1953,24,Non-Binary,5,495.0,0
2025-05-10,East,Delta,C6185,34,Non-Binary,5,355.5,10
2024-12-28,South,Omega,C9132,51,Non-Binary,4,376.2,5
2024-07-03,South,Gamma,C4171,18,F,1,56.05,5
2025-10-02,North,Beta,C7793,44,F,3,117.0,0
2025-07-27,South,Alpha,C4296,62,M,3,87.0,0
2024-11-11,East,Omega,C6307,67,F,1,84.15,15
2024-12-07,East,Delta,C1477,71,F,2,158.0,0
2024-12-12,West,Delta,C1582,59,F,4,316.0,0
2025-04-16,East,Delta,C7782,65,F,5,395.0,0
2025-08-01,East,Omega,C9779,19,F,5,420.75,15
2024-12-05,East,Alpha,C3446,35,F,3,82.65,5
2025-07-01,South,Omega,C7382,29,Non-Binary,1,99.0,0
2024-11-18,North,Gamma,C7780,23,M,2,118.0,0
2025-04-07,East,Beta,C9603,37,F,1,39.0,0
2024-02-08,South,Alpha,C8270,50,F,4,104.4,10
2024-06-06,South,Gamma,C8921,64,Non-Binary,3,177.0,0
2024-05-26,North,Omega,C3174,31,Non-Binary,1,94.05,5
2025-01-31,North,Alpha,C6095,20,Non-Binary,5,145.0,0
2024-12-07,West,Alpha,C2689,51,Non-Binary,3,87.0,0
2025-08-14,East,Beta,C6257,30,F,3,117.0,0
2025-06-29,East,Delta,C2927,35,F,2,158.0,0
2024-04-27,North,Omega,C9422,24,F,5,495.0,0
2025-07-16,East,Gamma,C3319,63,M,5,295.0,0
2024-06-24,North,Gamma,C6549,52,M,1,59.0,0
2024-01-30,West,Alpha,C2735,42,F,1,27.55,5
2025-02-05,South,Omega,C8304,57,M,3,297.0,0
2024-07-21,North,Delta,C3159,23,Non-Binary,4,316.0,0
2025-04-11,East,Delta,C8709,32,F,2,142.2,10
2024-09-21,East,Delta,C4004,62,Non-Binary,3,237.0,0
2025-04-09,West,Alpha,C2070,48,F,3,82.65,5
2025-04-17,South,Gamma,C6711,56,Non-Binary,2,106.2,10
2024-04-15,West,Alpha,C6339,53,Non-Binary,1,29.0,0
2025-06-29,West,Delta,C7773,33,Non-Binary,2,142.2,10
2024-06-11,West,Delta,C2082,39,F,5,375.25,5
2025-03-21,East,Omega,C4869,29,Non-Binary,1,84.15,15
2025-08-10,West,Alpha,C8584,38,Non-Binary,1,27.55,5
2024-06-29,East,Delta,C2140,56,F,5,375.25,5
2024-12-01,West,Alpha,C2483,31,F,5,123.25,15
2024-01-01,South,Beta,C8421,52,M,4,140.4,10
2025-08-14,West,Beta,C4369,61,M,3,105.3,10
2024-11-07,West,Gamma,C2462,55,F,5,265.5,10
2025-02-17,South,Gamma,C2022,41,Non-Binary,1,59.0,0
2025-07-27,East,Alpha,C5623,73,F,2,55.1,5
2025-08-27,West,Gamma,C7271,43,M,4,212.4,10
2024-08-04,South,Delta,C3278,30,Non-Binary,4,316.0,0
2025-03-03,South,Gamma,C3056,26,F,1,50.15,15
2024-01-17,South,Delta,C8155,26,F,2,134.3,15
2025-03-01,West,Omega,C7974,57,F,4,356.4,10
2025-03-10,West,Delta,C6821,32,F,4,284.4,10
2024-01-08,West,Beta,C9220,35,M,5,175.5,10
2025-01-10,North,Alpha,C8917,63,M,1,26.1,10
2025-05-08,North,Beta,C9624,72,M,4,140.4,10
2024-03-21,North,Beta,C8740,58,Non-Binary,1,33.15,15
2025-07-06,East,Omega,C1864,75,M,5,495.0,0
2025-04-25,West,Omega,C8687,54,Non-Binary,3,282.15,5
2024-12-27,East,Gamma,C3744,20,Non-Binary,5,250.75,15
2024-11-07,East,Alpha,C8752,55,F,5,145.0,0
2024-10-25,North,Gamma,C8942,23,F,5,295.0,0
2024-10-11,East,Beta,C5603,35,M,1,33.15,15
2024-04-24,South,Omega,C3476,60,M,3,297.0,0
2024-09-24,South,Delta,C3962,69,Non-Binary,1,79.0,0
2024-03-27,South,Omega,C3525,71,M,4,376.2,5
2024-08-31,West,Beta,C4454,54,Non-Binary,3,117.0,0
2024-09-27,North,Alpha,C3745,47,M,4,116.0,0
2025-05-02,South,Delta,C7390,48,M,2,142.2,10
2025-03-21,North,Gamma,C8353,42,Non-Binary,3,159.3,10
2024-02-12,North,Omega,C6797,72,M,5,420.75,15
2024-10-06,East,Gamma,C5375,69,F,3,150.45,15
2025-08-21,West,Delta,C4961,64,Non-Binary,5,395.0,0
2025-06-16,East,Beta,C6132,53,F,1,39.0,0
2024-01-13,West,Alpha,C9605,24,Non-Binary,4,116.0,0
2024-08-12,East,Gamma,C4163,20,F,5,295.0,0
2024-02-28,South,Omega,C2995,63,F,1,89.1,10
2024-05-13,West,Omega,C4027,75,F,2,198.0,0
2024-10-28,West,Alpha,C8429,35,M,3,87.0,0
2024-06-14,North,Gamma,C2022,42,M,3,177.0,0
2024-09-21,East,Beta,C8218,22,M,2,70.2,10
2025-02-06,South,Delta,C2776,27,Non-Binary,4,316.0,0
2025-09-20,North,Delta,C5243,24,F,1,79.0,0
2025-08-08,East,Delta,C1307,75,M,2,134.3,15
2024-01-01,North,Delta,C5365,27,Non-Binary,3,225.15,5
2025-08-11,North,Omega,C9039,48,M,4,336.6,15
2024-03-12,South,Alpha,C7298,62,M,1,26.1,10
2025-07-02,East,Gamma,C5961,43,F,1,59.0,0
2025-07-01,East,Alpha,C8530,66,M,2,58.0,0
2025-07-21,North,Delta,C4129,37,Non-Binary,4,316.0,0
2025-01-02,West,Alpha,C8175,65,F,2,58.0,0
2024-07-16,North,Omega,C4907,49,M,1,89.1,10
2024-11-11,West,Omega,C8361,19,F,3,297.0,0
2024-12-11,North,Delta,C2936,31,Non-Binary,5,375.25,5
2025-07-03,South,Omega,C4817,22,F,2,188.1,5
2024-01-20,West,Omega,C1750,33,Non-Binary,2,198.0,0
2024-06-25,North,Gamma,C2594,47,Non-Binary,2,106.2,10
2024-03-06,North,Alpha,C9145,56,Non-Binary,2,58.0,0
2024-07-26,West,Gamma,C7586,38,F,5,265.5,10
2024-05-20,East,Beta,C1746,55,F,3,117.0,0
2024-05-03,East,Beta,C7801,28,Non-Binary,3,105.3,10
2024-06-17,West,Beta,C1666,26,F,5,185.25,5
2024-06-10,North,Delta,C2322,18,F,2,158.0,0
2025-08-30,East,Delta,C8798,62,F,2,158.0,0
2024-10-04,West,Delta,C4919,29,Non-Binary,1,71.1,10
2024-07-03,West,Omega,C2442,58,M,3,282.15,5
2024-01-05,South,Beta,C2925,51,F,5,195.0,0
2025-07-06,South,Delta,C4409,35,F,2,158.0,0
2024-06-01,West,Delta,C3888,28,Non-Binary,1,79.0,0
2025-01-07,East,Beta,C8121,34,M,5,185.25,5
2024-02-14,North,Alpha,C9804,29,F,1,27.55,5
2025-06-11,North,Alpha,C4855,64,M,5,130.5,10
2024-11-29,West,Beta,C6336,32,F,3,117.0,0
2024-04-10,South,Delta,C4276,42,F,1,75.05,5
2025-08-22,West,Alpha,C8141,27,F,5,137.75,5
2024-07-01,West,Gamma,C3234,47,Non-Binary,2,100.3,15
2025-01-02,East,Beta,C6503,26,F,5,195.0,0
2024-10-14,South,Alpha,C8627,47,M,2,58.0,0
2024-08-13,East,Omega,C3568,68,Non-Binary,5,495.0,0
2025-08-14,South,Alpha,C7745,72,Non-Binary,4,116.0,0
2025-08-28,West,Delta,C5573,18,Non-Binary,4,268.6,15
2024-09-09,South,Gamma,C8114,55,F,5,295.0,0
2025-08-10,North,Delta,C1724,20,M,5,395.0,0
2025-03-11,West,Delta,C2605,46,M,2,158.0,0
2025-07-25,North,Delta,C4571,26,M,3,237.0,0
2024-04-02,North,Delta,C5994,28,Non-Binary,4,284.4,10
2025-08-20,North,Delta,C8598,67,F,4,316.0,0
2025-01-14,West,Alpha,C2158,42,Non-Binary,3,78.3,10
2024-02-03,East,Delta,C5420,62,Non-Binary,5,355.5,10
2024-07-31,North,Omega,C6500,65,F,5,420.75,15
2025-01-07,North,Alpha,C7274,41,M,5,145.0,0
2025-01-09,East,Beta,C2097,53,Non-Binary,2,78.0,0
2024-12-08,South,Omega,C2860,59,M,5,420.75,15
2024-08-02,South,Gamma,C6778,75,M,5,250.75,15
2025-03-09,East,Alpha,C2038,41,M,4,110.2,5
2025-05-28,North,Delta,C9714,61,Non-Binary,3,225.15,5
2025-09-27,East,Alpha,C4085,75,M,1,29.0,0
2025-02-04,South,Gamma,C2260,24,F,3,177.0,0
2024-05-31,West,Beta,C4346,51,Non-Binary,1,39.0,0
2025-03-02,South,Delta,C6680,44,M,1,79.0,0
2024-07-12,North,Alpha,C4806,71,Non-Binary,3,82.65,5
2025-08-15,East,Gamma,C8965,55,Non-Binary,5,265.5,10
2025-03-31,West,Gamma,C3161,75,M,2,118.0,0
2024-08-20,West,Gamma,C5720,67,F,2,118.0,0
2024-10-18,West,Beta,C3634,63,Non-Binary,3,117.0,0
2024-06-28,South,Beta,C4897,25,F,3,105.3,10
2024-05-09,West,Gamma,C7056,29,F,5,250.75,15
2024-02-05,East,Gamma,C3423,41,M,5,295.0,0
2025-06-30,East,Alpha,C1408,43,M,2,55.1,5
2024-11-23,South,Alpha,C9948,50,M,3,82.65,5
2024-10-23,South,Omega,C8243,39,Non-Binary,1,84.15,15
2025-05-05,North,Beta,C2914,37,F,4,140.4,10
2024-08-13,West,Gamma,C2515,38,F,5,250.75,15
2024-07-18,South,Gamma,C4206,19,F,5,280.25,5
2024-03-30,West,Beta,C9035,38,Non-Binary,5,175.5,10
2024-02-27,East,Delta,C3423,63,M,3,225.15,5
2025-01-16,North,Gamma,C6651,40,M,4,212.4,10
2024-03-30,South,Delta,C7809,69,M,3,237.0,0
2025-03-10,West,Beta,C2410,27,F,3,111.15,5
2025-06-21,East,Alpha,C7156,23,F,4,98.6,15
2024-10-06,West,Beta,C8571,63,Non-Binary,2,78.0,0
2024-07-09,West,Gamma,C9037,20,M,5,295.0,0
2025-05-20,West,Beta,C1439,68,F,2,78.0,0
2024-11-03,West,Alpha,C5713,44,F,4,98.6,15
2024-09-07,North,Alpha,C5541,49,F,5,123.25,15
2025-01-05,West,Omega,C8144,73,M,4,336.6,15
2024-05-02,East,Omega,C1287,72,M,2,178.2,10
2024-02-29,South,Gamma,C8553,74,Non-Binary,2,118.0,0
2024-06-16,North,Gamma,C6917,44,Non-Binary,3,177.0,0
2024-10-23,East,Omega,C2258,50,F,2,198.0,0
2025-09-05,South,Omega,C6285,73,M,3,297.0,0
2025-01-06,North,Omega,C6761,70,F,1,99.0,0
2025-06-14,East,Gamma,C8944,44,M,2,118.0,0
2024-08-11,South,Omega,C4622,71,F,5,445.5,10
2025-06-22,North,Delta,C8544,22,F,2,158.0,0
2025-05-06,East,Gamma,C6940,26,M,5,265.5,10
2024-12-16,South,Gamma,C1471,65,F,2,118.0,0
2024-05-25,South,Gamma,C3053,31,F,1,56.05,5
2024-04-24,North,Alpha,C8934,66,M,1,29.0,0
2024-04-20,North,Omega,C1971,48,F,3,297.0,0
2024-03-08,East,Alpha,C2581,68,F,5,145.0,0
2025-08-24,South,Beta,C6759,19,F,2,66.3,15
2024-10-11,East,Gamma,C3630,72,Non-Binary,5,295.0,0
2025-06-01,North,Alpha,C1229,51,F,2,58.0,0
2024-06-24,North,Alpha,C4506,50,Non-Binary,4,116.0,0
2025-08-26,South,Delta,C2758,29,M,4,300.2,5
2024-08-07,South,Delta,C2848,66,M,1,75.05,5
2024-04-22,South,Delta,C6918,63,M,5,335.75,15
2024-02-11,North,Gamma,C9088,25,M,3,168.15,5
2025-09-06,East,Delta,C4700,53,M,3,225.15,5
2024-07-12,North,Delta,C7020,29,F,4,268.6,15
2024-04-17,West,Delta,C9563,60,Non-Binary,1,79.0,0
2024-05-26,West,Delta,C2666,65,F,1,79.0,0
2024-07-22,East,Beta,C7623,25,F,4,132.6,15
2025-05-26,East,Omega,C5472,66,Non-Binary,4,396.0,0
2025-05-02,West,Delta,C9379,35,F,4,316.0,0
2024-05-05,East,Delta,C9147,32,Non-Binary,2,158.0,0
2024-04-11,North,Alpha,C9161,61,F,2,55.1,5
2025-09-11,East,Beta,C5960,57,Non-Binary,1,39.0,0
2025-06-16,West,Delta,C4308,36,Non-Binary,4,300.2,5
2025-05-31,East,Omega,C6629,69,Non-Binary,5,495.0,0
2024-02-02,West,Alpha,C7285,46,M,4,110.2,5
2025-04-15,North,Alpha,C3897,53,Non-Binary,3,73.95,15
2024-06-17,West,Delta,C3203,37,Non-Binary,4,300.2,5
2024-04-22,West,Omega,C9837,54,M,4,356.4,10
2024-06-09,North,Delta,C5315,49,Non-Binary,4,284.4,10
2024-12-27,East,Gamma,C2006,19,Non-Binary,1,59.0,0
2025-01-10,East,Omega,C1440,66,Non-Binary,3,282.15,5
2024-04-09,West,Gamma,C6855,44,M,1,50.15,15
2024-09-07,South,Beta,C6113,55,F,1,39.0,0
2024-04-27,East,Beta,C1322,52,M,1,37.05,5
2025-03-08,West,Gamma,C1334,62,M,5,295.0,0
2024-11-20,West,Omega,C7394,38,Non-Binary,1,94.05,5
2024-04-12,South,Gamma,C9138,50,Non-Binary,3,177.0,0
2025-09-21,East,Gamma,C8143,30,M,1,53.1,10
2024-08-07,East,Gamma,C1778,37,Non-Binary,4,236.0,0
2025-10-01,North,Omega,C2552,55,M,3,297.0,0
2025-08-03,West,Delta,C4436,40,F,3,213.3,10
2024-11-03,West,Omega,C6133,30,M,4,396.0,0
2025-10-01,West,Omega,C3958,74,F,5,495.0,0
2025-08-13,West,Beta,C8656,35,Non-Binary,5,175.5,10
2025-03-20,North,Omega,C4287,41,M,2,198.0,0
2024-06-03,East,Delta,C7721,38,F,2,150.1,5
2024-09-30,East,Beta,C5201,61,Non-Binary,2,74.1,5
2024-09-01,North,Beta,C4144,19,F,3,111.15,5
2025-05-12,West,Delta,C1606,30,F,3,237.0,0
2024-01-30,East,Gamma,C3883,59,F,4,236.0,0
2024-02-26,North,Gamma,C5882,73,F,4,236.0,0
2024-04-02,West,Beta,C4867,25,Non-Binary,5,195.0,0
2025-06-18,East,Delta,C2478,33,Non-Binary,1,79.0,0
2024-12-03,West,Beta,C7928,31,F,1,39.0,0
2024-08-07,East,Delta,C7690,34,Non-Binary,1,75.05,5
2025-06-30,East,Alpha,C6185,52,M,4,98.6,15
2024-09-09,East,Beta,C6947,48,Non-Binary,3,117.0,0
2024-01-22,North,Alpha,C4926,34,Non-Binary,4,116.0,0
2025-01-06,North,Omega,C4872,72,M,4,396.0,0
2025-02-06,East,Gamma,C2478,70,F,3,177.0,0
2024-06-13,West,Gamma,C7656,68,F,3,177.0,0
2025-05-18,West,Delta,C6451,63,M,1,79.0,0
2024-09-24,North,Gamma,C7895,56,Non-Binary,5,250.75,15
2024-11-30,West,Alpha,C1853,59,Non-Binary,2,49.3,15
2025-03-30,South,Alpha,C7564,30,Non-Binary,3,87.0,0
2025-08-12,North,Alpha,C3585,33,Non-Binary,2,52.2,10
2025-02-24,East,Delta,C8837,73,Non-Binary,2,158.0,0
2024-06-26,East,Gamma,C4254,23,M,3,177.0,0
2025-02-06,West,Omega,C4677,19,F,5,420.75,15
2025-09-18,South,Alpha,C8576,30,M,2,58.0,0
2025-02-14,West,Omega,C5262,27,F,3,297.0,0
2025-08-03,North,Alpha,C9615,45,M,4,116.0,0
2024-08-17,South,Beta,C5361,36,Non-Binary,4,148.2,5
2024-05-13,West,Beta,C4531,70,M,2,74.1,5
2024-07-03,West,Beta,C1471,36,M,2,70.2,10
2025-04-06,South,Gamma,C8506,23,F,4,236.0,0
2024-11-27,West,Beta,C7283,63,M,5,195.0,0
2024-03-15,North,Omega,C1962,21,M,2,188.1,5
2024-12-28,North,Alpha,C5155,50,Non-Binary,4,116.0,0
2025-02-08,East,Beta,C1673,55,F,3,117.0,0
2025-05-30,West,Gamma,C8669,26,F,3,150.45,15
2025-06-27,West,Beta,C5266,25,M,1,39.0,0
2025-05-26,East,Gamma,C8046,36,M,5,295.0,0
2025-06-13,East,Delta,C3703,38,Non-Binary,4,316.0,0
2025-07-23,West,Alpha,C4095,27,F,2,58.0,0
2024-02-06,West,Gamma,C3679,63,M,4,236.0,0
2025-05-21,North,Delta,C6841,63,Non-Binary,4,300.2,5
2025-05-19,North,Beta,C3025,40,F,2,78.0,0
2024-07-03,South,Omega,C5469,54,Non-Binary,5,495.0,0
2025-08-20,North,Omega,C3958,44,F,2,188.1,5
2024-04-06,East,Alpha,C5657,61,Non-Binary,1,27.55,5
2025-01-17,North,Gamma,C3519,19,F,4,200.6,15
2025-05-06,West,Gamma,C1095,39,F,5,280.25,5
2024-11-28,South,Beta,C1797,69,Non-Binary,3,117.0,0
2024-02-26,North,Omega,C7248,23,M,3,297.0,0
2024-09-02,West,Alpha,C1336,72,F,2,55.1,5
2025-02-16,East,Beta,C2975,37,M,4,132.6,15
2024-11-13,South,Gamma,C2574,71,M,5,295.0,0
2025-05-16,West,Delta,C8805,35,Non-Binary,5,375.25,5
2024-04-02,West,Gamma,C4053,45,Non-Binary,4,236.0,0
2024-02-11,East,Delta,C4673,59,Non-Binary,2,150.1,5
2025-06-23,North,Gamma,C8671,45,F,4,236.0,0
2024-06-01,South,Gamma,C5073,51,M,3,159.3,10
2024-02-18,North,Alpha,C9411,24,Non-Binary,4,110.2,5
2024-04-06,West,Omega,C5151,40,M,5,495.0,0
2025-05-30,North,Alpha,C8583,29,F,4,116.0,0
2024-03-26,West,Gamma,C6143,55,Non-Binary,4,200.6,15
2025-04-05,East,Gamma,C4066,31,F,1,50.15,15
2025-09-10,East,Alpha,C8107,52,F,1,27.55,5
2024-04-29,North,Beta,C8817,47,Non-Binary,4,132.6,15
2025-09-08,West,Gamma,C6910,62,Non-Binary,4,236.0,0
2024-03-30,South,Beta,C1227,30,F,1,33.15,15
2024-07-11,North,Beta,C8882,59,F,2,74.1,5
2025-07-05,South,Alpha,C5930,67,M,2,55.1,5
2025-03-08,North,Alpha,C3721,75,F,4,110.2,5
2025-04-27,North,Delta,C4975,30,M,5,375.25,5
2024-02-22,East,Alpha,C2682,58,Non-Binary,4,110.2,5
2025-05-22,East,Alpha,C8987,43,M,5,130.5,10
2025-09-18,West,Beta,C1994,51,F,4,140.4,10
2024-11-19,North,Gamma,C7834,74,M,1,56.05,5
2025-09-29,East,Delta,C8147,19,F,3,201.45,15
2024-07-15,West,Gamma,C8178,32,Non-Binary,2,106.2,10
2024-12-13,West,Beta,C5806,64,Non-Binary,4,148.2,5
2025-01-03,West,Beta,C4394,36,Non-Binary,1,33.15,15
2025-05-09,South,Beta,C4268,28,Non-Binary,4,156.0,0
2025-03-01,West,Gamma,C4845,31,Non-Binary,1,59.0,0
2025-01-02,East,Gamma,C3598,29,Non-Binary,1,59.0,0
2024-12-11,West,Alpha,C4714,25,Non-Binary,2,55.1,5
2024-09-21,East,Gamma,C1764,67,Non-Binary,3,177.0,0
2025-06-11,North,Alpha,C8173,69,M,1,29.0,0
2025-09-17,North,Omega,C1687,50,F,2,168.3,15
2024-04-30,South,Gamma,C3572,64,M,4,212.4,10
2025-05-25,North,Beta,C6959,39,F,1,39.0,0
2025-03-25,West,Alpha,C5019,71,M,3,87.0,0
2025-06-01,South,Alpha,C5358,41,Non-Binary,4,116.0,0
2024-09-08,South,Omega,C7909,68,F,2,188.1,5
2025-02-27,West,Delta,C9456,68,Non-Binary,3,237.0,0
2025-03-29,South,Alpha,C9476,22,F,3,87.0,0
2025-02-15,South,Delta,C2007,43,F,2,142.2,10
2024-02-29,East,Delta,C7586,74,Non-Binary,5,395.0,0
2024-11-17,East,Alpha,C5583,75,Non-Binary,5,145.0,0
2025-02-17,West,Beta,C9919,57,Non-Binary,4,132.6,15
2024-12-19,West,Beta,C5940,23,F,5,195.0,0
2025-02-03,South,Omega,C9860,36,F,1,89.1,10
2025-07-19,East,Omega,C6582,66,Non-Binary,2,198.0,0
2024-01-29,East,Beta,C5979,64,M,5,195.0,0
2024-03-02,East,Gamma,C9314,40,F,1,50.15,15
2024-05-07,West,Gamma,C1085,47,M,2,100.3,15
2025-08-18,South,Gamma,C5902,36,Non-Binary,5,250.75,15
2024-05-23,West,Omega,C5057,24,M,5,445.5,10
2024-07-16,East,Delta,C2605,27,Non-Binary,4,300.2,5
2024-03-24,North,Alpha,C7961,74,F,4,116.0,0
2025-04-01,North,Gamma,C9622,43,Non-Binary,5,265.5,10
2025-02-08,East,Omega,C9172,58,M,4,336.6,15
2025-05-16,West,Beta,C3364,50,F,4,132.6,15
2025-04-13,South,Omega,C9669,25,Non-Binary,2,188.1,5
2025-04-29,North,Beta,C7051,25,Non-Binary,4,156.0,0
2024-05-03,East,Omega,C5744,20,Non-Binary,2,198.0,0
2025-01-15,East,Gamma,C5968,36,M,1,59.0,0
2024-05-25,West,Alpha,C5999,74,M,2,58.0,0
2025-05-15,North,Alpha,C9970,40,F,1,27.55,5
2025-05-07,East,Omega,C8411,75,M,4,376.2,5
2025-09-12,South,Beta,C9270,58,M,4,132.6,15
2025-04-04,South,Gamma,C2463,69,Non-Binary,5,280.25,5
2025-01-31,South,Delta,C6554,52,F,4,268.6,15
2024-10-11,North,Beta,C1406,54,Non-Binary,3,105.3,10
2024-05-06,North,Beta,C9877,54,F,5,175.5,10
2024-07-12,West,Omega,C1305,25,Non-Binary,5,495.0,0
2024-01-20,East,Beta,C5018,71,Non-Binary,5,185.25,5
2024-03-27,East,Delta,C1737,49,F,3,225.15,5
2024-07-03,West,Alpha,C9649,38,M,3,87.0,0
2024-04-27,North,Omega,C3755,36,F,2,198.0,0
2024-04-01,South,Gamma,C7672,61,F,1,53.1,10
2024-11-29,South,Alpha,C1958,37,M,1,29.0,0
2024-05-25,West,Gamma,C5225,42,F,1,59.0,0
2024-09-02,South,Delta,C9333,66,Non-Binary,4,316.0,0
2024-10-02,North,Gamma,C8615,53,M,1,56.05,5
2024-01-30,West,Beta,C1305,35,Non-Binary,5,165.75,15
2024-04-13,South,Omega,C3057,37,Non-Binary,4,376.2,5
2024-03-26,South,Beta,C7116,52,F,2,70.2,10
2025-03-09,West,Alpha,C1016,70,M,5,145.0,0
2024-06-20,North,Alpha,C8900,35,Non-Binary,3,73.95,15
2025-01-24,East,Beta,C9361,36,F,2,66.3,15
2025-06-30,North,Gamma,C2469,43,Non-Binary,1,59.0,0
2025-07-23,East,Delta,C4454,57,Non-Binary,3,201.45,15
2024-12-16,East,Delta,C5473,33,Non-Binary,3,237.0,0
2024-08-03,West,Omega,C6381,19,Non-Binary,2,168.3,15
2024-01-03,West,Alpha,C1156,61,F,4,104.4,10
2025-05-15,West,Omega,C2329,68,Non-Binary,1,89.1,10
2024-02-01,West,Alpha,C6783,70,M,5,145.0,0
2025-01-31,South,Alpha,C3044,47,M,2,55.1,5
2024-01-10,South,Alpha,C5606,61,Non-Binary,3,87.0,0
2024-04-02,East,Beta,C4838,49,M,1,39.0,0
2025-05-19,South,Alpha,C4212,70,Non-Binary,4,116.0,0
2024-10-11,West,Beta,C4174,60,Non-Binary,5,165.75,15
2025-09-09,South,Alpha,C3101,65,F,2,58.0,0
2025-08-06,South,Omega,C5494,30,Non-Binary,1,84.15,15
2025-06-29,East,Omega,C8437,18,M,1,99.0,0
2025-03-18,West,Gamma,C2994,61,Non-Binary,4,224.2,5
2025-01-05,North,Beta,C1769,35,M,5,185.25,5
2024-11-19,North,Delta,C4188,39,F,5,395.0,0
2024-08-19,West,Alpha,C5095,30,F,3,87.0,0
2024-03-05,North,Alpha,C8863,45,F,5,123.25,15
2024-12-08,East,Beta,C2766,48,F,3,117.0,0
2024-12-07,South,Alpha,C8184,66,F,4,104.4,10
2024-05-07,North,Alpha,C1546,42,M,1,29.0,0
2024-03-04,West,Alpha,C5939,57,Non-Binary,4,116.0,0
2024-04-14,North,Omega,C1855,36,M,4,396.0,0
2025-09-24,West,Beta,C1173,47,M,4,148.2,5
2025-09-27,North,Gamma,C1425,47,Non-Binary,3,159.3,10
2024-07-16,North,Alpha,C1201,56,Non-Binary,1,26.1,10
2024-07-17,South,Omega,C5198,40,M,4,336.6,15
2025-09-27,West,Beta,C4983,26,F,1,39.0,0
2024-11-15,West,Omega,C6861,37,Non-Binary,5,495.0,0
2024-05-30,West,Gamma,C6618,36,M,1,53.1,10
2025-08-23,South,Alpha,C4889,50,Non-Binary,1,27.55,5
2024-12-18,South,Beta,C4297,68,F,3,117.0,0
2025-05-02,West,Omega,C6425,72,Non-Binary,5,495.0,0
2025-09-22,East,Delta,C6384,28,F,4,316.0,0
2025-05-22,South,Alpha,C4654,62,F,4,104.4,10
2024-08-06,South,Delta,C6431,69,Non-Binary,4,316.0,0
2025-02-13,South,Alpha,C6944,18,F,3,87.0,0
2025-07-22,North,Beta,C5760,46,F,5,195.0,0
2024-02-14,North,Beta,C4241,36,F,2,78.0,0
2024-06-27,East,Omega,C5029,29,F,1,99.0,0
2024-09-25,North,Alpha,C3248,42,Non-Binary,1,29.0,0
2024-08-03,East,Delta,C4934,41,M,2,142.2,10
2025-09-30,West,Alpha,C2941,27,F,2,58.0,0
2025-06-29,West,Gamma,C6209,56,M,2,118.0,0
2025-09-22,South,Omega,C5819,68,F,3,297.0,0
2024-02-24,East,Beta,C9327,55,M,2,66.3,15
2024-03-24,West,Omega,C2062,28,Non-Binary,4,336.6,15
2025-06-05,East,Delta,C9501,47,F,3,201.45,15
2025-01-17,West,Delta,C8762,35,Non-Binary,4,268.6,15
2025-08-20,North,Beta,C4596,75,F,4,156.0,0
2025-02-09,South,Gamma,C7963,74,M,5,295.0,0
2025-01-18,East,Omega,C2388,26,F,3,282.15,5
2025-06-15,East,Beta,C1674,47,Non-Binary,5,195.0,0
2025-03-12,West,Delta,C8086,44,M,4,316.0,0
2024-10-06,West,Alpha,C3942,46,F,3,73.95,15
2024-03-18,East,Alpha,C5825,71,Non-Binary,5,130.5,10
2024-03-21,East,Beta,C2612,25,F,3,117.0,0
2025-07-13,South,Gamma,C4221,61,M,3,177.0,0
2024-10-08,South,Omega,C3258,72,Non-Binary,5,495.0,0
2024-01-09,East,Gamma,C6679,68,M,4,212.4,10
2024-01-13,West,Omega,C3445,73,M,2,198.0,0
2024-08-02,West,Beta,C9451,55,Non-Binary,4,132.6,15
2025-04-17,East,Alpha,C6129,72,F,4,98.6,15
2025-03-03,South,Delta,C8372,72,Non-Binary,1,79.0,0
2024-05-22,South,Gamma,C1158,49,Non-Binary,3,177.0,0
2024-08-18,West,Delta,C7608,66,Non-Binary,5,395.0,0
2024-11-29,North,Omega,C1527,26,F,3,267.3,10
2025-09-09,West,Delta,C4345,43,F,5,375.25,5
2024-07-11,West,Alpha,C6387,54,M,3,87.0,0
2024-06-24,North,Omega,C3910,20,Non-Binary,5,470.25,5
2024-01-28,South,Beta,C2138,42,M,2,78.0,0
2024-10-25,North,Delta,C1941,41,Non-Binary,1,79.0,0
2024-11-30,West,Delta,C3572,25,F,5,375.25,5
2025-05-04,North,Delta,C4382,26,F,3,225.15,5
2025-05-01,South,Omega,C6084,55,F,5,420.75,15
2025-04-14,East,Beta,C1121,27,M,1,37.05,5
2025-09-11,South,Omega,C6388,54,M,4,376.2,5
2025-08-12,North,Alpha,C5717,59,M,3,73.95,15
2024-10-31,West,Omega,C3869,44,F,2,178.2,10
2025-03-18,West,Delta,C4005,62,Non-Binary,1,75.05,5
2024-02-14,South,Beta,C5485,74,Non-Binary,5,195.0,0
2024-03-09,South,Delta,C7738,66,Non-Binary,1,79.0,0
2024-03-19,North,Omega,C6341,44,M,2,198.0,0
2024-07-31,North,Delta,C1437,22,Non-Binary,4,300.2,5
2024-12-17,West,Beta,C7499,20,F,3,117.0,0
2024-05-19,East,Delta,C8942,47,F,1,71.1,10
2024-09-05,West,Beta,C8713,70,M,2,78.0,0
2024-01-19,North,Beta,C5819,25,Non-Binary,4,156.0,0
2024-03-20,North,Gamma,C3514,46,M,2,118.0,0
2024-02-05,South,Delta,C1782,71,Non-Binary,5,335.75,15
2024-04-15,West,Gamma,C8274,21,Non-Binary,1,59.0,0
2025-01-21,South,Beta,C7138,33,F,1,39.0,0
2025-03-07,North,Alpha,C6523,70,F,1,29.0,0
2024-04-08,South,Beta,C1721,44,Non-Binary,1,39.0,0
2024-11-26,South,Omega,C4393,52,M,4,396.0,0
2024-08-25,South,Alpha,C6842,38,F,1,27.55,5
2024-11-19,North,Delta,C4485,47,F,1,67.15,15
2024-10-12,East,Alpha,C2103,74,F,4,116.0,0
2025-09-05,West,Alpha,C9784,68,Non-Binary,2,58.0,0
2024-04-07,East,Delta,C3177,39,F,3,201.45,15
2025-05-08,North,Gamma,C1289,56,Non-Binary,4,224.2,5
2025-06-07,South,Omega,C1217,32,F,5,495.0,0
2024-11-12,South,Delta,C4990,57,F,1,79.0,0
2025-01-18,West,Gamma,C4309,27,M,2,100.3,15
2024-02-08,South,Omega,C8270,65,M,2,198.0,0
2024-11-21,North,Omega,C7797,59,M,1,99.0,0
2024-12-05,East,Beta,C4372,52,F,2,66.3,15
2024-08-15,West,Omega,C6269,29,M,1,99.0,0
2025-05-18,North,Beta,C1853,58,F,2,78.0,0
2024-04-03,South,Omega,C9992,71,F,2,178.2,10
2024-03-21,West,Delta,C6103,28,Non-Binary,2,158.0,0
2025-03-10,South,Omega,C5079,37,M,5,470.25,5
2024-07-25,East,Delta,C2310,41,M,4,316.0,0
2025-04-27,West,Delta,C9278,57,Non-Binary,4,316.0,0
2025-05-08,North,Delta,C8002,72,F,3,213.3,10
2025-07-04,South,Omega,C3878,34,M,4,396.0,0
2025-04-09,East,Delta,C8878,22,M,2,134.3,15
2025-04-25,South,Beta,C4106,18,F,5,165.75,15
2025-01-18,West,Delta,C7812,43,Non-Binary,3,225.15,5
2025-05-16,East,Omega,C2167,44,F,1,94.05,5
2025-08-02,South,Beta,C8148,34,Non-Binary,3,105.3,10
2025-05-15,East,Alpha,C7313,45,Non-Binary,2,58.0,0
2025-05-04,North,Gamma,C1462,62,Non-Binary,2,118.0,0
2025-09-11,West,Beta,C5166,33,Non-Binary,5,165.75,15
2024-06-14,North,Alpha,C2512,59,Non-Binary,4,110.2,5
2025-08-23,North,Omega,C4093,74,M,2,188.1,5
2024-09-15,East,Omega,C9735,60,M,5,495.0,0
2025-02-25,North,Alpha,C6642,70,F,3,73.95,15
2024-08-02,West,Gamma,C1105,28,M,1,59.0,0
2024-03-12,West,Omega,C7829,59,M,4,396.0,0
2024-06-29,East,Beta,C3200,30,M,2,70.2,10
2024-04-22,West,Omega,C4482,29,F,1,84.15,15
2024-07-06,South,Gamma,C7697,46,Non-Binary,5,295.0,0
2024-06-19,North,Gamma,C2404,42,F,3,177.0,0
2024-12-16,North,Omega,C4846,48,M,1,99.0,0
2024-03-03,East,Alpha,C1685,24,F,5,145.0,0
2025-01-19,East,Delta,C8753,66,M,5,375.25,5
2024-12-10,East,Gamma,C6164,70,F,3,150.45,15
2025-02-12,West,Omega,C1937,40,M,1,99.0,0
2025-04-12,West,Beta,C1420,56,F,5,195.0,0
2024-09-11,East,Delta,C8785,50,M,2,158.0,0
2024-11-25,North,Gamma,C1749,69,Non-Binary,3,150.45,15
2025-03-30,South,Omega,C8938,43,Non-Binary,5,495.0,0
2024-12-22,West,Delta,C2645,64,M,3,213.3,10
2024-07-18,South,Omega,C9267,20,F,4,396.0,0
2024-11-04,West,Beta,C8311,25,M,5,195.0,0
2024-09-06,South,Beta,C2465,24,M,1,39.0,0
2024-11-30,West,Gamma,C4610,64,M,4,200.6,15
2024-05-06,South,Omega,C9060,23,Non-Binary,3,297.0,0
2025-08-12,North,Gamma,C7176,63,Non-Binary,4,200.6,15
2025-07-29,West,Beta,C4662,34,F,3,117.0,0
2024-04-24,North,Gamma,C4082,65,F,5,295.0,0
2024-05-10,East,Delta,C1027,37,F,5,355.5,10
2024-07-13,West,Delta,C6237,67,M,2,142.2,10
2025-09-08,South,Alpha,C7476,18,Non-Binary,4,116.0,0
2024-05-28,East,Beta,C9189,61,M,2,70.2,10
2024-10-17,South,Alpha,C6245,37,Non-Binary,1,29.0,0
2025-08-10,West,Beta,C9110,36,Non-Binary,4,156.0,0
2024-12-07,South,Beta,C4687,62,Non-Binary,1,39.0,0
2025-05-14,West,Gamma,C3608,19,Non-Binary,4,236.0,0
2025-03-08,West,Gamma,C7412,43,F,5,250.75,15
2024-10-16,East,Beta,C9978,43,F,2,78.0,0
2025-08-17,North,Gamma,C8496,59,F,5,295.0,0
2025-03-28,West,Gamma,C3372,31,F,2,100.3,15
2024-01-10,East,Omega,C2670,61,F,4,376.2,5
2024-06-21,North,Alpha,C6825,48,F,1,29.0,0
2025-06-11,East,Omega,C8107,27,Non-Binary,4,396.0,0
2024-02-04,North,Beta,C7498,49,M,5,195.0,0
2025-01-19,North,Delta,C7260,35,Non-Binary,4,316.0,0
2024-01-12,North,Alpha,C2353,25,M,5,145.0,0
2024-01-24,West,Gamma,C2549,68,Non-Binary,2,112.1,5
2025-05-10,West,Gamma,C3051,24,M,1,50.15,15
2025-07-04,South,Delta,C1323,43,Non-Binary,5,355.5,10
2025-05-15,North,Omega,C9830,63,Non-Binary,1,99.0,0
2024-04-30,South,Omega,C3948,18,Non-Binary,4,396.0,0
2024-05-05,North,Beta,C4378,59,F,1,35.1,10
2024-09-19,North,Alpha,C3043,50,M,3,78.3,10
2024-06-24,West,Alpha,C5068,37,F,5,145.0,0
2025-06-30,West,Beta,C9035,62,M,5,195.0,0
2025-09-12,South,Alpha,C1732,33,F,2,58.0,0
2024-11-02,South,Beta,C4539,55,M,3,117.0,0
2025-09-29,West,Alpha,C5177,34,M,2,55.1,5
2025-04-12,North,Gamma,C7968,62,F,5,295.0,0
2024-03-13,East,Beta,C7097,54,Non-Binary,5,175.5,10
2024-06-16,West,Beta,C6183,68,M,4,156.0,0
2025-09-10,South,Alpha,C5425,25,Non-Binary,1,24.65,15
2025-07-15,West,Alpha,C6396,58,F,3,87.0,0
2024-10-06,South,Beta,C5483,18,F,4,156.0,0
2025-01-22,North,Alpha,C3879,51,Non-Binary,3,78.3,10
2025-05-16,North,Omega,C6716,62,Non-Binary,3,267.3,10
2024-10-04,North,Alpha,C3797,38,M,2,58.0,0
2025-06-28,West,Delta,C3090,34,F,5,335.75,15
2024-06-08,South,Beta,C7206,54,Non-Binary,3,117.0,0
2025-01-14,South,Omega,C7852,63,M,2,188.1,5
2024-12-28,West,Omega,C5699,35,M,5,420.75,15
2024-08-22,East,Alpha,C6007,44,M,1,24.65,15
2024-03-22,North,Beta,C2534,28,Non-Binary,1,39.0,0
2024-10-19,West,Alpha,C7946,61,Non-Binary,2,55.1,5
2025-05-24,North,Delta,C1227,57,F,1,67.15,15
2025-03-11,East,Beta,C9652,61,Non-Binary,1,35.1,10
2025-04-04,South,Omega,C4687,29,F,3,297.0,0
2025-06-10,East,Alpha,C7925,49,M,2,58.0,0
2024-04-25,East,Beta,C9832,72,F,3,117.0,0
2025-05-09,East,Gamma,C4490,18,Non-Binary,5,280.25,5
2024-08-10,East,Omega,C1580,47,Non-Binary,4,396.0,0
2024-12-30,North,Omega,C8542,39,M,3,297.0,0
2024-01-06,East,Beta,C7587,40,F,1,37.05,5
2025-05-18,South,Alpha,C9668,50,F,4,116.0,0
2025-05-14,North,Beta,C5098,32,M,4,156.0,0
2024-11-02,East,Delta,C3984,52,M,1,75.05,5
2025-03-25,South,Beta,C6795,65,M,1,39.0,0
2024-07-22,North,Beta,C5667,20,F,4,148.2,5
2024-12-05,North,Beta,C4260,48,Non-Binary,3,117.0,0
2025-03-07,West,Omega,C9119,69,Non-Binary,2,198.0,0
2025-02-13,West,Beta,C2797,24,F,2,78.0,0
2024-12-18,North,Beta,C1852,61,M,4,140.4,10
2024-01-09,West,Delta,C5742,36,M,1,75.05,5
2024-09-10,South,Omega,C4061,33,M,1,99.0,0
2024-09-10,West,Beta,C8764,63,F,5,175.5,10
2024-07-04,South,Omega,C3436,32,F,2,188.1,5
2024-02-09,East,Beta,C3395,45,F,5,195.0,0
2024-04-03,North,Delta,C7673,51,M,2,158.0,0
2024-12-10,West,Delta,C2005,50,M,1,79.0,0
2024-04-22,East,Gamma,C5596,40,Non-Binary,4,236.0,0
2024-11-23,North,Beta,C1669,18,F,3,117.0,0
2024-10-19,West,Gamma,C2650,45,F,3,168.15,5
2025-01-07,East,Gamma,C2827,24,Non-Binary,1,50.15,15
2025-07-19,South,Gamma,C6907,65,M,5,265.5,10
2025-09-11,East,Beta,C5521,31,Non-Binary,4,156.0,0
2024-04-18,South,Omega,C2971,20,Non-Binary,2,198.0,0
2025-04-01,North,Alpha,C9955,57,M,3,73.95,15
2025-04-30,South,Omega,C3517,20,F,2,188.1,5
2025-07-17,East,Omega,C6690,75,M,4,336.6,15
2024-04-30,West,Alpha,C8910,44,Non-Binary,5,145.0,0
2024-06-19,East,Beta,C5745,20,Non-Binary,1,33.15,15
2024-07-13,West,Delta,C9723,73,Non-Binary,1,79.0,0
2025-03-24,West,Omega,C7393,43,Non-Binary,3,297.0,0
2024-07-07,North,Beta,C4568,55,Non-Binary,1,35.1,10
2025-04-11,East,Gamma,C4609,36,Non-Binary,3,159.3,10
2024-05-01,South,Beta,C1747,52,F,3,117.0,0
2024-05-31,East,Beta,C5430,73,F,2,78.0,0
2025-07-01,North,Alpha,C6692,58,Non-Binary,3,87.0,0
2024-03-26,East,Beta,C7690,75,Non-Binary,3,117.0,0
2024-02-28,North,Gamma,C4592,64,M,2,118.0,0
2024-01-17,North,Delta,C5216,73,Non-Binary,5,355.5,10
2024-07-30,West,Beta,C6312,35,F,5,165.75,15
2025-02-08,South,Delta,C4796,64,Non-Binary,4,316.0,0
2024-05-31,West,Alpha,C9125,29,M,2,58.0,0
2024-07-12,West,Beta,C5621,19,M,2,78.0,0
2025-02-07,South,Alpha,C3351,22,M,2,55.1,5
2025-02-16,North,Omega,C3249,64,F,5,495.0,0
2025-01-21,West,Alpha,C2802,70,F,1,29.0,0
2024-09-11,North,Gamma,C3336,58,Non-Binary,1,59.0,0
2024-04-18,East,Alpha,C4314,26,M,5,137.75,5
2024-06-16,East,Gamma,C8846,27,F,1,53.1,10
2024-09-30,North,Alpha,C1729,24,Non-Binary,3,87.0,0
2025-06-07,West,Beta,C1019,32,F,2,74.1,5
2025-01-29,South,Gamma,C5699,32,Non-Binary,4,200.6,15
2024-04-25,West,Beta,C2804,32,F,3,117.0,0
2024-03-19,East,Alpha,C6906,23,F,5,145.0,0
2024-07-01,West,Omega,C6486,56,F,4,396.0,0
2024-11-04,East,Gamma,C2702,35,M,3,177.0,0
2024-03-19,North,Beta,C3401,38,F,4,148.2,5
2025-05-04,North,Alpha,C8003,64,M,2,58.0,0
2024-11-26,South,Beta,C7308,40,M,4,148.2,5
2025-05-07,West,Omega,C6463,26,Non-Binary,2,188.1,5
2025-03-04,West,Omega,C9745,49,Non-Binary,5,495.0,0
2025-01-28,North,Omega,C7911,51,Non-Binary,2,168.3,15
2024-03-30,South,Gamma,C1046,31,F,3,159.3,10
2025-04-30,South,Alpha,C1976,40,M,2,58.0,0
2025-04-16,South,Omega,C7898,33,F,2,198.0,0
2024-05-21,North,Beta,C7184,64,F,4,156.0,0
2024-02-25,North,Omega,C2208,48,Non-Binary,2,198.0,0
2024-05-30,East,Beta,C2294,33,F,1,35.1,10
2025-03-02,South,Beta,C8696,65,F,5,165.75,15
2024-11-02,West,Delta,C6526,46,Non-Binary,1,79.0,0
2024-04-23,South,Alpha,C1526,56,F,5,145.0,0
2024-01-12,West,Delta,C8443,53,Non-Binary,3,213.3,10
2025-05-28,East,Beta,C7941,28,M,1,35.1,10
2025-01-21,South,Beta,C7560,57,F,2,74.1,5
2024-07-07,North,Delta,C8821,38,Non-Binary,4,300.2,5
2024-06-17,North,Gamma,C7950,30,M,1,59.0,0
2024-03-20,East,Omega,C6496,19,F,3,297.0,0
2025-07-08,North,Alpha,C4471,56,F,3,87.0,0
2025-07-18,South,Alpha,C4937,35,F,5,130.5,10
2024-02-15,West,Alpha,C1787,38,F,3,87.0,0
2024-12-31,East,Delta,C9195,30,M,4,268.6,15
2024-12-30,South,Alpha,C6428,44,Non-Binary,5,145.0,0
2025-05-29,South,Alpha,C7260,48,Non-Binary,1,29.0,0
2024-06-14,South,Delta,C2290,74,Non-Binary,1,67.15,15
2024-08-25,South,Beta,C3638,50,Non-Binary,5,165.75,15
2025-06-19,East,Delta,C3149,39,M,3,213.3,10
2025-03-17,North,Delta,C4917,31,Non-Binary,5,395.0,0
2024-06-05,West,Alpha,C1244,27,M,5,145.0,0
2025-05-25,North,Delta,C6139,28,M,2,158.0,0
2024-10-13,East,Gamma,C2461,22,F,4,236.0,0
2025-04-29,East,Delta,C3301,25,Non-Binary,4,316.0,0
2025-01-07,East,Delta,C7701,72,Non-Binary,2,150.1,5
2025-01-10,East,Gamma,C2367,61,M,5,280.25,5
2024-09-26,North,Omega,C1934,65,F,5,495.0,0
2024-06-07,North,Gamma,C7157,28,Non-Binary,4,236.0,0
2024-08-16,West,Delta,C2531,40,M,4,268.6,15
2025-07-01,West,Alpha,C2406,29,Non-Binary,1,27.55,5
2025-03-19,South,Delta,C6385,22,M,3,213.3,10
2025-05-12,South,Delta,C2873,35,M,1,71.1,10
2024-06-08,West,Beta,C4497,38,Non-Binary,1,35.1,10
2025-01-24,North,Gamma,C8046,48,F,1,59.0,0
2024-01-24,West,Gamma,C5129,58,F,1,59.0,0
2024-03-11,East,Delta,C2338,37,Non-Binary,4,300.2,5
2025-06-21,South,Gamma,C4015,71,F,1,56.05,5
2024-12-16,East,Beta,C4253,40,M,4,148.2,5
2025-07-02,South,Delta,C6811,62,Non-Binary,4,316.0,0
2025-07-28,South,Alpha,C3369,38,Non-Binary,3,87.0,0
2024-06-03,West,Beta,C9182,73,M,1,33.15,15
2025-02-20,East,Omega,C1060,46,F,4,336.6,15
2025-08-15,North,Alpha,C4581,65,F,4,98.6,15
2025-07-13,South,Omega,C7185,31,M,2,198.0,0
2025-08-13,North,Gamma,C6960,19,M,3,159.3,10
2024-05-07,West,Delta,C7783,44,M,3,213.3,10
2025-03-12,East,Alpha,C3880,47,M,3,87.0,0
2025-07-20,South,Omega,C8141,42,M,4,336.6,15
2024-10-17,North,Alpha,C2700,23,Non-Binary,1,26.1,10
2025-02-25,North,Delta,C9924,24,Non-Binary,4,284.4,10
2025-08-18,North,Gamma,C7891,31,F,4,212.4,10
2025-01-25,North,Beta,C8693,25,M,4,148.2,5
2025-02-09,North,Gamma,C4668,50,M,3,150.45,15
2024-09-27,East,Delta,C4957,18,M,1,79.0,0
2024-01-27,South,Gamma,C9502,70,Non-Binary,5,295.0,0
2024-12-09,South,Omega,C8045,33,Non-Binary,4,396.0,0
2025-09-23,West,Alpha,C8030,26,Non-Binary,4,98.6,15
2024-06-26,West,Gamma,C9475,28,M,2,118.0,0
2024-05-09,North,Omega,C7422,71,Non-Binary,3,267.3,10
2024-06-11,East,Beta,C2527,23,F,4,156.0,0
2025-08-30,South,Alpha,C9907,23,Non-Binary,4,116.0,0
2024-05-13,West,Gamma,C4056,33,Non-Binary,2,118.0,0
2024-07-17,South,Delta,C5267,60,F,3,237.0,0
2024-05-27,North,Omega,C2694,25,M,5,495.0,0
2024-04-19,South,Gamma,C5292,75,F,1,59.0,0
2025-05-21,East,Beta,C7402,24,M,1,37.05,5
2024-03-16,West,Alpha,C4445,61,M,4,116.0,0
2025-04-06,South,Beta,C5894,18,F,5,165.75,15
2025-09-13,North,Alpha,C6616,40,M,5,130.5,10
2025-07-13,North,Beta,C9548,65,M,1,39.0,0
2025-09-12,North,Omega,C1377,51,Non-Binary,2,198.0,0
2025-01-08,North,Beta,C1483,38,F,2,78.0,0
2024-05-09,East,Gamma,C8890,30,F,3,150.45,15
2025-07-18,East,Delta,C9123,45,Non-Binary,4,316.0,0
2024-09-13,South,Beta,C5605,43,F,5,175.5,10
2024-11-15,South,Beta,C8992,45,M,4,140.4,10
2024-10-05,East,Omega,C2762,56,M,4,396.0,0
2025-08-03,East,Gamma,C2052,46,F,1,53.1,10
2024-09-16,West,Gamma,C9691,40,M,1,59.0,0
2024-07-03,East,Delta,C4046,40,F,1,79.0,0
2025-01-15,East,Beta,C6151,25,F,3,99.45,15
2024-01-12,East,Beta,C8624,54,M,2,70.2,10
2024-03-08,West,Gamma,C4476,51,F,1,53.1,10
2024-10-11,North,Omega,C7909,61,M,3,297.0,0
2024-07-21,South,Alpha,C9092,49,F,3,82.65,5
2024-05-02,North,Delta,C3803,56,M,5,375.25,5
2024-08-30,North,Gamma,C1292,59,Non-Binary,1,56.05,5
2024-10-18,South,Delta,C1606,75,Non-Binary,5,395.0,0
2024-12-11,North,Alpha,C8698,24,M,3,87.0,0
2024-11-20,East,Delta,C2306,53,M,4,284.4,10
2024-02-18,West,Gamma,C8447,49,Non-Binary,1,59.0,0
2025-09-24,North,Alpha,C4670,21,F,2,58.0,0
2024-11-26,West,Beta,C3788,23,F,3,105.3,10
2024-01-06,North,Gamma,C1705,25,F,3,177.0,0
2024-09-27,East,Omega,C7218,35,Non-Binary,2,198.0,0
2025-08-20,West,Alpha,C3069,38,F,5,137.75,5
2025-04-02,North,Omega,C9644,33,Non-Binary,4,336.6,15
2025-05-16,East,Gamma,C8908,32,F,3,177.0,0
2024-03-25,East,Omega,C4971,60,Non-Binary,2,168.3,15
2024-03-20,North,Delta,C1987,31,F,2,150.1,5
2025-01-29,South,Delta,C2712,39,F,5,355.5,10
2025-06-10,East,Gamma,C8438,59,F,5,295.0,0
2024-05-13,South,Gamma,C7317,46,Non-Binary,5,295.0,0
2025-02-13,South,Alpha,C5552,45,F,3,78.3,10
2024-04-14,South,Delta,C2755,65,F,2,158.0,0
2025-04-16,South,Gamma,C1468,48,Non-Binary,5,280.25,5
2024-12-26,East,Alpha,C2377,40,M,2,58.0,0
2025-02-10,West,Omega,C6467,21,M,3,297.0,0
2024-04-10,North,Delta,C7923,30,M,2,150.1,5
2024-06-29,East,Omega,C9087,51,M,1,84.15,15
2024-02-21,South,Alpha,C4597,25,F,1,26.1,10
2024-09-29,South,Alpha,C9718,24,M,2,52.2,10
2025-02-18,West,Delta,C2659,32,Non-Binary,3,225.15,5
2024-07-29,South,Beta,C6695,58,M,5,195.0,0
2024-01-04,North,Beta,C9245,62,Non-Binary,4,132.6,15
2024-11-08,South,Beta,C6162,61,F,2,78.0,0
2024-12-06,West,Beta,C1208,60,M,4,156.0,0
2024-01-22,South,Gamma,C2261,28,Non-Binary,1,53.1,10
2024-12-26,West,Omega,C1016,49,F,4,396.0,0
2024-02-16,North,Omega,C5762,71,F,5,445.5,10
2024-06-20,South,Alpha,C2638,37,Non-Binary,3,82.65,5
2025-05-17,East,Omega,C5216,60,M,3,297.0,0
2025-04-14,North,Gamma,C5933,63,M,5,250.75,15
2025-09-02,West,Alpha,C5422,61,Non-Binary,1,29.0,0
2025-02-24,South,Beta,C6852,49,F,2,70.2,10
2025-03-17,East,Beta,C2462,30,M,1,39.0,0
2025-07-11,West,Omega,C3866,34,Non-Binary,3,297.0,0
2025-02-04,West,Gamma,C6067,30,F,5,265.5,10
2024-12-17,North,Delta,C8455,54,M,3,237.0,0
2024-01-09,West,Beta,C8640,61,F,5,195.0,0
2025-09-30,South,Gamma,C8976,36,F,3,177.0,0
2025-04-09,North,Beta,C5636,70,Non-Binary,1,39.0,0
2025-05-15,East,Alpha,C8050,40,Non-Binary,1,29.0,0
2024-09-14,South,Gamma,C5641,68,Non-Binary,5,295.0,0
2024-03-29,East,Beta,C4223,45,Non-Binary,1,39.0,0
2024-08-12,North,Delta,C6810,33,Non-Binary,4,300.2,5
2025-02-12,North,Gamma,C5948,56,M,2,106.2,10
2025-03-22,East,Omega,C3280,61,F,3,297.0,0
2025-03-02,South,Gamma,C5997,23,M,5,250.75,15
2025-04-17,South,Delta,C8158,24,F,5,375.25,5
2024-11-16,East,Delta,C6803,45,M,4,300.2,5
2025-04-17,North,Omega,C1432,67,M,1,99.0,0
2025-09-21,East,Beta,C9391,41,F,5,175.5,10
2025-08-02,East,Alpha,C7433,26,M,1,27.55,5
2025-06-14,West,Alpha,C2387,21,M,1,29.0,0
2025-08-31,North,Gamma,C8888,62,M,1,59.0,0
2025-08-21,North,Beta,C9458,27,Non-Binary,4,156.0,0
2024-08-16,South,Gamma,C6093,64,F,4,212.4,10
2024-07-24,North,Alpha,C1000,27,Non-Binary,1,26.1,10
2024-04-09,South,Beta,C2697,48,F,5,185.25,5
2025-02-04,North,Alpha,C5913,43,M,2,58.0,0
2025-07-13,East,Omega,C8194,72,Non-Binary,5,495.0,0
2025-03-18,South,Alpha,C4027,27,Non-Binary,2,58.0,0
2025-06-07,South,Delta,C8871,36,M,1,71.1,10
2025-05-19,East,Gamma,C7409,42,Non-Binary,1,56.05,5
2025-03-02,West,Beta,C1458,36,M,1,35.1,10
2025-02-02,North,Omega,C5960,20,Non-Binary,5,470.25,5
2024-02-13,East,Beta,C8666,74,Non-Binary,4,156.0,0
2024-01-10,South,Gamma,C9202,72,Non-Binary,2,118.0,0
2025-06-21,West,Omega,C2028,29,Non-Binary,2,198.0,0
2025-07-30,East,Delta,C3294,35,Non-Binary,3,225.15,5
2024-03-10,West,Delta,C8729,56,Non-Binary,2,142.2,10
2025-06-03,East,Beta,C6309,55,Non-Binary,3,105.3,10
2025-09-24,West,Alpha,C1736,19,Non-Binary,2,58.0,0
2024-04-08,North,Delta,C8805,38,F,2,158.0,0
2024-06-27,West,Delta,C2054,21,Non-Binary,3,237.0,0
2024-02-08,North,Delta,C7132,56,Non-Binary,1,79.0,0
2024-11-24,North,Delta,C7187,26,Non-Binary,5,355.5,10
2024-07-23,South,Gamma,C9046,46,Non-Binary,3,177.0,0
2024-07-25,South,Delta,C9659,69,F,1,71.1,10
2024-01-25,North,Beta,C1544,69,F,1,39.0,0
2025-02-21,North,Gamma,C4036,61,Non-Binary,5,280.25,5
2024-07-13,South,Omega,C8761,50,M,3,267.3,10
2025-07-26,South,Alpha,C8190,45,Non-Binary,4,116.0,0
2025-08-05,North,Beta,C9474,37,F,1,37.05,5
2024-08-24,North,Omega,C9856,39,F,2,198.0,0
2024-09-14,West,Gamma,C2113,73,F,3,177.0,0
2025-07-01,South,Omega,C9192,37,M,5,495.0,0
2025-07-13,North,Omega,C8716,34,Non-Binary,1,99.0,0
2024-12-12,West,Gamma,C4285,39,F,2,118.0,0
2025-07-14,East,Alpha,C4860,49,F,5,130.5,10
2024-02-06,East,Alpha,C7819,56,Non-Binary,5,145.0,0
2025-07-18,West,Beta,C5432,64,F,1,39.0,0
2025-05-23,South,Gamma,C8069,48,M,2,118.0,0
2024-02-26,North,Beta,C9752,56,M,1,35.1,10
2025-05-08,North,Delta,C7180,62,F,4,268.6,15
2025-03-13,South,Alpha,C8175,25,Non-Binary,3,87.0,0
2024-07-17,East,Delta,C1949,33,F,1,71.1,10
2024-01-11,South,Delta,C9785,54,F,1,67.15,15
2024-09-12,North,Alpha,C1928,26,M,2,58.0,0
2024-02-14,East,Gamma,C5001,36,F,5,280.25,5
2025-05-05,North,Alpha,C2251,34,Non-Binary,2,55.1,5
2024-12-31,South,Delta,C5959,41,Non-Binary,3,201.45,15
2024-09-07,East,Gamma,C9870,50,F,1,59.0,0
2025-02-24,West,Gamma,C2285,31,F,5,295.0,0
2024-11-08,South,Alpha,C7101,64,F,1,29.0,0
2025-03-26,West,Alpha,C1348,49,F,3,87.0,0
2025-08-25,West,Gamma,C2384,21,M,5,280.25,5
2025-05-22,North,Delta,C7302,46,F,2,158.0,0
2025-01-23,South,Delta,C9724,21,Non-Binary,3,237.0,0
2025-07-08,East,Alpha,C6508,71,M,5,145.0,0
2024-01-29,East,Omega,C8111,73,M,1,99.0,0
2025-07-20,West,Gamma,C9761,47,M,5,250.75,15
2025-08-04,East,Beta,C7247,47,Non-Binary,2,78.0,0
2024-01-16,East,Gamma,C2401,33,Non-Binary,3,177.0,0
2025-08-07,West,Alpha,C5493,41,M,3,73.95,15
2025-09-14,North,Alpha,C6028,54,Non-Binary,3,87.0,0
2024-07-02,West,Delta,C1282,46,F,4,316.0,0
2025-01-02,West,Omega,C4569,44,F,5,495.0,0
2024-10-10,East,Alpha,C8216,29,M,3,87.0,0
2025-05-21,South,Beta,C3858,27,Non-Binary,1,39.0,0
2024-04-27,North,Beta,C9302,73,M,5,195.0,0
2024-02-12,South,Alpha,C5244,34,F,3,78.3,10
2024-02-15,South,Gamma,C2788,22,Non-Binary,4,236.0,0
2025-06-07,North,Beta,C4343,38,Non-Binary,3,99.45,15
2025-03-01,North,Delta,C5638,27,F,3,213.3,10
2025-01-03,East,Delta,C7139,48,M,5,395.0,0
2024-06-13,East,Alpha,C5765,27,Non-Binary,1,29.0,0
2025-09-15,South,Gamma,C9368,63,Non-Binary,5,265.5,10
2024-12-18,South,Delta,C1534,60,Non-Binary,2,150.1,5
2024-03-21,North,Beta,C9249,54,Non-Binary,5,165.75,15
2025-03-04,North,Omega,C1842,56,M,5,445.5,10
2025-03-27,East,Gamma,C4195,71,Non-Binary,3,177.0,0
2024-12-02,South,Gamma,C4782,47,M,1,50.15,15
2024-09-03,West,Delta,C6929,23,M,5,355.5,10
2024-03-19,East,Delta,C4774,46,M,2,142.2,10
2024-05-08,South,Delta,C3263,56,M,3,237.0,0
2024-11-17,North,Alpha,C7692,44,Non-Binary,2,52.2,10
2025-05-21,South,Beta,C8439,18,F,1,37.05,5
2024-09-26,West,Alpha,C3070,73,F,4,116.0,0
2024-06-19,North,Beta,C9436,73,Non-Binary,4,148.2,5
2024-12-28,South,Delta,C4955,63,M,1,79.0,0
2024-12-10,North,Alpha,C2208,65,M,4,110.2,5
2025-04-05,West,Gamma,C8816,62,F,2,100.3,15
2025-08-26,North,Beta,C1127,55,Non-Binary,3,99.45,15
2025-04-09,West,Gamma,C8185,29,Non-Binary,5,295.0,0
2024-04-09,South,Gamma,C9082,39,F,5,265.5,10
2025-06-21,West,Gamma,C6288,42,M,2,118.0,0
2024-02-12,South,Delta,C9505,35,Non-Binary,5,395.0,0
2024-04-11,East,Gamma,C3713,25,M,3,168.15,5
2025-03-25,South,Beta,C5726,34,Non-Binary,1,39.0,0
2024-10-12,South,Alpha,C4388,53,Non-Binary,2,58.0,0
2025-09-04,North,Omega,C9813,69,F,1,94.05,5
2024-01-27,East,Beta,C5617,54,M,4,140.4,10
2024-05-09,West,Gamma,C2795,63,Non-Binary,1,56.05,5
2025-03-18,West,Gamma,C2423,73,F,3,150.45,15
2024-04-29,East,Alpha,C4644,64,F,3,87.0,0
2025-06-03,East,Gamma,C8429,58,Non-Binary,5,250.75,15
2024-03-16,East,Alpha,C8100,24,Non-Binary,5,145.0,0
2024-07-13,North,Alpha,C5029,26,Non-Binary,4,116.0,0
2024-07-19,East,Delta,C3481,49,F,4,316.0,0
2024-05-14,South,Alpha,C9459,72,Non-Binary,2,58.0,0
2025-03-20,North,Delta,C4416,63,F,1,75.05,5
2024-09-26,West,Omega,C4845,58,M,4,356.4,10
2024-07-03,East,Beta,C5786,60,M,4,132.6,15
2025-02-05,East,Omega,C8880,36,F,2,198.0,0
2024-10-21,West,Delta,C6331,33,Non-Binary,4,316.0,0
2024-06-29,West,Gamma,C2860,40,Non-Binary,4,200.6,15
2024-05-11,West,Delta,C7750,61,F,1,79.0,0
2024-10-01,South,Delta,C1996,53,M,3,201.45,15
2024-11-21,West,Delta,C8240,45,M,3,237.0,0
2024-10-01,West,Beta,C6567,58,F,3,111.15,5
2025-02-23,South,Omega,C3728,52,F,1,89.1,10
2025-09-17,East,Beta,C9843,19,Non-Binary,1,37.05,5
2024-04-02,East,Gamma,C2039,59,F,5,295.0,0
2025-01-05,South,Beta,C9776,43,Non-Binary,2,78.0,0
2024-06-14,East,Gamma,C7773,31,Non-Binary,2,118.0,0
2024-02-06,North,Omega,C2679,50,M,4,396.0,0
2024-06-09,East,Gamma,C1397,32,Non-Binary,2,118.0,0
2024-10-05,North,Delta,C7565,26,Non-Binary,3,237.0,0
2024-03-19,North,Omega,C7805,19,F,5,445.5,10
2024-06-04,North,Omega,C7408,30,Non-Binary,3,297.0,0
2025-03-11,North,Gamma,C5490,47,F,1,59.0,0
2025-08-13,West,Delta,C5771,45,F,2,150.1,5
2025-07-28,East,Delta,C5659,62,Non-Binary,5,395.0,0
2025-01-26,North,Delta,C7449,41,Non-Binary,1,75.05,5
2024-08-17,North,Delta,C4802,46,M,4,284.4,10
2024-04-21,East,Gamma,C3355,69,Non-Binary,1,59.0,0
2025-07-28,South,Beta,C9025,55,F,1,39.0,0
2025-02-16,West,Omega,C4808,21,M,3,282.15,5
2024-11-14,East,Beta,C1598,38,Non-Binary,5,175.5,10
2025-02-20,North,Gamma,C4427,66,Non-Binary,4,212.4,10
2025-05-26,East,Beta,C6272,47,Non-Binary,4,140.4,10
2025-07-22,North,Alpha,C7974,62,F,4,116.0,0
2024-01-14,South,Omega,C2990,28,F,4,396.0,0
2024-02-09,West,Delta,C3797,58,Non-Binary,4,316.0,0
2025-07-14,West,Delta,C1151,36,F,4,316.0,0
2024-10-04,East,Omega,C7088,54,Non-Binary,2,198.0,0
2024-10-24,South,Omega,C7082,51,Non-Binary,3,282.15,5
2025-04-18,South,Gamma,C3217,28,Non-Binary,4,236.0,0
2024-11-21,West,Beta,C3463,48,F,1,39.0,0
2024-07-11,South,Alpha,C9810,47,M,1,29.0,0
2025-10-01,West,Omega,C3563,22,M,5,495.0,0
2024-12-19,North,Beta,C5498,36,M,5,165.75,15
2024-11-09,East,Omega,C7607,34,Non-Binary,5,420.75,15
2024-07-26,North,Omega,C3497,24,Non-Binary,2,198.0,0
2024-07-01,East,Omega,C2676,26,Non-Binary,5,420.75,15
2025-01-27,East,Omega,C5542,69,Non-Binary,5,420.75,15
2025-04-29,South,Beta,C1043,68,F,2,78.0,0
2025-09-21,South,Beta,C3700,48,F,3,117.0,0
2024-02-23,South,Omega,C8203,45,Non-Binary,4,396.0,0
2024-11-05,North,Beta,C7442,42,M,4,156.0,0
2024-11-15,East,Omega,C2281,74,Non-Binary,2,198.0,0
2024-10-11,South,Delta,C8235,49,Non-Binary,3,201.45,15
2024-05-03,West,Gamma,C3916,19,M,4,200.6,15
2024-12-20,West,Beta,C4129,42,M,2,66.3,15
2024-01-11,South,Delta,C6914,51,F,1,71.1,10
2024-11-13,East,Alpha,C7043,34,Non-Binary,1,26.1,10
2024-10-06,North,Gamma,C8843,43,F,3,177.0,0
2025-10-02,North,Omega,C1498,73,Non-Binary,4,356.4,10
2025-04-10,West,Beta,C8756,65,Non-Binary,5,195.0,0
2024-02-09,East,Alpha,C3509,63,Non-Binary,2,58.0,0
2024-03-25,West,Alpha,C1918,46,Non-Binary,1,29.0,0
2024-04-09,East,Beta,C1273,39,Non-Binary,3,99.45,15
2024-06-22,East,Omega,C1232,60,M,4,336.6,15
2024-03-03,North,Beta,C9216,27,Non-Binary,3,117.0,0
2024-06-25,West,Alpha,C5514,56,F,5,137.75,5
2024-06-26,North,Gamma,C5485,53,M,1,59.0,0
2025-04-22,North,Omega,C8585,23,F,1,99.0,0
2024-03-29,South,Gamma,C1329,67,F,1,59.0,0
2025-01-18,West,Alpha,C5042,37,Non-Binary,2,49.3,15
2024-05-15,East,Alpha,C7214,63,M,2,58.0,0
2024-05-23,East,Delta,C4702,71,F,3,237.0,0
2024-06-30,East,Gamma,C8202,34,F,4,236.0,0
2025-08-15,East,Gamma,C9569,46,Non-Binary,2,118.0,0
2025-08-22,West,Beta,C9813,54,F,4,156.0,0
2024-10-22,South,Gamma,C9253,53,Non-Binary,3,177.0,0
2025-06-09,South,Gamma,C4575,47,M,1,59.0,0
2025-06-13,South,Delta,C3290,47,Non-Binary,3,237.0,0
2025-07-31,West,Omega,C1554,38,Non-Binary,1,84.15,15
2025-01-02,North,Beta,C7904,48,M,3,99.45,15
2024-04-12,South,Gamma,C6018,28,M,5,295.0,0
2024-01-23,West,Omega,C8478,55,Non-Binary,4,336.6,15
2025-02-12,West,Beta,C5138,64,M,5,195.0,0
2025-05-09,West,Gamma,C1657,74,F,5,295.0,0
2025-03-07,West,Gamma,C7565,55,F,2,106.2,10
2024-06-19,East,Omega,C9586,30,Non-Binary,2,198.0,0
2024-12-07,North,Alpha,C6067,68,F,3,82.65,5
2025-02-09,South,Delta,C1013,60,F,2,158.0,0
2024-11-04,East,Alpha,C4024,33,F,4,116.0,0
2024-09-07,South,Omega,C7131,18,M,2,198.0,0
2024-04-12,West,Omega,C7456,62,F,4,336.6,15
2025-01-20,West,Beta,C2569,42,F,3,117.0,0
2025-02-13,East,Gamma,C7956,56,M,5,295.0,0
2024-12-21,West,Omega,C1440,32,Non-Binary,2,198.0,0
2025-01-12,East,Gamma,C9215,70,F,5,265.5,10
2025-02-11,North,Beta,C3262,49,F,1,39.0,0
2024-11-05,West,Alpha,C6563,42,Non-Binary,2,55.1,5
2024-06-03,East,Gamma,C7337,61,M,1,59.0,0
2025-03-07,South,Beta,C7524,61,Non-Binary,1,37.05,5
2024-03-25,East,Alpha,C7626,69,F,2,58.0,0
2024-05-11,West,Delta,C1189,49,Non-Binary,4,300.2,5
2024-02-25,East,Delta,C5237,65,Non-Binary,1,71.1,10
2025-04-06,East,Delta,C6489,72,Non-Binary,3,237.0,0
2024-07-02,West,Omega,C7282,73,Non-Binary,1,99.0,0
2024-01-08,East,Omega,C5224,30,Non-Binary,5,420.75,15
2025-04-10,West,Alpha,C8614,36,F,1,27.55,5
2025-04-16,East,Alpha,C7050,34,M,3,73.95,15
2024-10-30,North,Omega,C5378,29,M,3,282.15,5
2024-01-18,West,Gamma,C5877,58,F,5,295.0,0
2024-12-31,North,Omega,C7491,33,F,1,89.1,10
2024-04-06,South,Beta,C9084,45,M,3,111.15,5
2025-09-24,South,Omega,C8510,20,F,3,297.0,0
2024-02-09,South,Omega,C2656,42,Non-Binary,1,99.0,0
2024-11-05,West,Delta,C1366,29,Non-Binary,3,201.45,15
2024-03-22,West,Alpha,C4139,54,M,3,78.3,10
2025-06-10,South,Alpha,C7131,54,M,2,55.1,5
2024-10-08,South,Gamma,C9217,60,F,5,280.25,5
2024-07-04,East,Gamma,C1082,44,F,1,56.05,5
2024-05-12,East,Gamma,C8576,56,Non-Binary,3,177.0,0
2024-08-14,South,Alpha,C6318,32,F,5,145.0,0
2025-09-15,West,Omega,C7893,58,Non-Binary,3,267.3,10
2025-02-02,West,Omega,C1205,39,M,3,297.0,0
2025-03-31,South,Delta,C9175,31,Non-Binary,2,134.3,15
2025-02-03,East,Delta,C1528,60,Non-Binary,1,67.15,15
2025-05-13,East,Alpha,C4400,65,Non-Binary,3,87.0,0
2024-10-25,East,Delta,C8657,19,F,5,355.5,10
2024-06-19,East,Omega,C8070,44,F,3,267.3,10
2025-05-17,South,Delta,C9807,26,M,5,395.0,0
2024-04-09,West,Beta,C4462,25,Non-Binary,3,117.0,0
2024-06-11,West,Omega,C7693,40,F,4,356.4,10
2024-10-12,East,Gamma,C2730,60,Non-Binary,3,159.3,10
2025-07-02,West,Beta,C7618,49,M,3,111.15,5
2024-06-09,South,Delta,C5725,18,Non-Binary,3,225.15,5
2024-06-25,North,Delta,C7850,44,M,2,134.3,15
2024-01-30,South,Beta,C9247,23,Non-Binary,5,165.75,15
2025-02-22,North,Gamma,C5095,28,Non-Binary,4,200.6,15
2024-04-03,East,Alpha,C7378,53,Non-Binary,2,58.0,0
2025-04-13,East,Beta,C3870,48,Non-Binary,2,78.0,0
2024-05-15,East,Alpha,C1506,31,Non-Binary,4,110.2,5
2024-09-07,West,Beta,C3897,47,Non-Binary,1,35.1,10
2024-12-05,South,Beta,C8572,64,F,1,33.15,15
2024-02-03,West,Omega,C8703,73,M,1,94.05,5
2024-09-23,North,Omega,C9751,63,F,4,376.2,5
2024-03-02,East,Delta,C1653,41,M,5,335.75,15
2025-03-26,West,Alpha,C2697,27,M,5,145.0,0
2024-06-22,East,Delta,C6567,27,F,4,316.0,0
2024-09-27,North,Gamma,C2213,47,Non-Binary,4,236.0,0
2024-09-23,East,Gamma,C8285,39,M,3,159.3,10
2024-10-08,North,Beta,C3425,51,M,1,39.0,0
2025-01-14,East,Gamma,C6024,63,F,5,250.75,15
2024-11-08,West,Delta,C5831,27,Non-Binary,2,158.0,0
2025-09-14,East,Delta,C5215,58,F,1,79.0,0
2025-08-20,East,Beta,C1197,34,M,5,165.75,15
2025-06-13,West,Delta,C3791,40,Non-Binary,2,142.2,10
2025-05-28,East,Omega,C7133,42,M,2,178.2,10
2025-05-08,South,Delta,C7223,18,Non-Binary,1,79.0,0
2024-08-18,East,Beta,C4675,27,M,5,165.75,15
2024-05-02,South,Gamma,C9172,47,Non-Binary,1,50.15,15
2025-06-20,South,Beta,C6956,60,F,4,132.6,15
2024-04-11,East,Omega,C2100,35,Non-Binary,5,420.75,15
2025-07-04,North,Alpha,C8317,54,Non-Binary,2,58.0,0
2024-09-19,South,Beta,C4741,62,Non-Binary,4,156.0,0
2024-02-11,East,Omega,C5546,23,Non-Binary,2,168.3,15
2024-03-06,South,Omega,C5960,21,F,2,198.0,0
2025-08-22,West,Delta,C2610,52,F,3,201.45,15
2024-03-15,South,Delta,C2907,46,F,4,316.0,0
2024-04-12,South,Omega,C8982,37,Non-Binary,1,89.1,10
2025-03-16,North,Delta,C4191,55,Non-Binary,5,375.25,5
2024-01-01,East,Delta,C5435,49,Non-Binary,2,158.0,0
2025-06-03,West,Omega,C5649,59,M,3,267.3,10
2024-09-11,East,Gamma,C9242,37,Non-Binary,4,236.0,0
2024-07-05,West,Alpha,C6229,75,Non-Binary,4,110.2,5
2024-06-16,South,Alpha,C8078,61,M,1,27.55,5
2024-12-16,South,Beta,C2781,66,F,2,78.0,0
2025-05-28,East,Gamma,C9690,48,F,3,159.3,10
2024-08-03,South,Gamma,C3562,30,M,2,118.0,0
2025-09-16,South,Gamma,C9461,48,Non-Binary,5,280.25,5
2024-10-02,South,Gamma,C8732,72,M,3,177.0,0
2024-11-09,East,Gamma,C6166,46,M,4,212.4,10
2025-02-06,West,Alpha,C7620,21,M,3,73.95,15
2024-05-23,West,Gamma,C1319,70,Non-Binary,2,118.0,0
2024-09-19,East,Gamma,C1387,38,M,4,236.0,0
2025-07-25,South,Beta,C9240,46,M,1,39.0,0
2024-09-05,South,Gamma,C8859,64,Non-Binary,4,236.0,0
2025-02-03,West,Beta,C5589,56,Non-Binary,4,156.0,0
2024-04-13,North,Gamma,C5522,52,M,4,236.0,0
2024-04-23,West,Beta,C2212,38,Non-Binary,4,156.0,0
2024-06-03,East,Omega,C4276,53,F,4,396.0,0
2024-12-01,East,Omega,C9700,70,M,1,99.0,0
2024-03-10,East,Gamma,C8304,65,F,2,118.0,0
2025-04-24,South,Delta,C6934,39,F,3,237.0,0
2025-09-10,North,Beta,C2952,59,M,4,148.2,5
2025-05-13,North,Omega,C1987,50,M,1,89.1,10
2025-03-23,North,Omega,C6358,68,Non-Binary,4,396.0,0
2025-08-11,East,Alpha,C2237,54,F,5,145.0,0
2025-06-28,South,Omega,C2437,54,M,5,420.75,15
2024-07-14,North,Delta,C5536,47,M,2,134.3,15
2024-12-04,North,Beta,C6567,47,Non-Binary,4,156.0,0
2025-02-15,East,Alpha,C7388,19,F,2,58.0,0
2025-03-13,South,Gamma,C4651,55,Non-Binary,3,159.3,10
2025-04-13,South,Omega,C6810,75,Non-Binary,5,495.0,0
2024-07-12,South,Beta,C6054,29,F,1,35.1,10
2025-09-08,North,Beta,C9848,40,F,3,117.0,0
2024-08-23,South,Beta,C5963,28,M,3,117.0,0
2024-08-10,East,Alpha,C3249,74,M,1,27.55,5
2024-01-27,West,Beta,C7232,21,M,4,148.2,5
2024-07-22,South,Delta,C3042,23,F,5,355.5,10
2025-06-12,North,Beta,C4434,25,M,5,195.0,0
2024-11-20,West,Beta,C4446,23,Non-Binary,3,111.15,5
2024-09-18,North,Delta,C1264,18,M,4,300.2,5
2024-04-12,East,Gamma,C6078,71,F,4,200.6,15
2024-11-03,South,Alpha,C7384,74,M,1,29.0,0
2024-11-27,North,Beta,C5079,29,Non-Binary,1,39.0,0
2025-06-15,South,Beta,C8697,66,F,1,35.1,10
2024-08-02,East,Gamma,C7797,70,F,4,236.0,0
2024-06-27,South,Beta,C6981,74,F,2,78.0,0
2025-05-24,South,Gamma,C7613,58,M,3,159.3,10
2024-11-24,North,Alpha,C6432,19,M,1,24.65,15
2024-05-27,West,Alpha,C9838,42,Non-Binary,5,145.0,0
2024-06-10,North,Alpha,C6712,75,F,1,27.55,5
2024-03-08,North,Delta,C8609,44,Non-Binary,4,316.0,0
2025-09-09,North,Gamma,C8802,48,M,2,118.0,0
2025-07-06,East,Omega,C2579,48,M,5,495.0,0
2024-05-08,South,Omega,C3126,69,F,2,168.3,15
2024-03-25,North,Delta,C5625,74,Non-Binary,1,79.0,0
2024-08-19,East,Beta,C5933,39,Non-Binary,4,132.6,15
2025-08-27,East,Beta,C6373,45,M,2,70.2,10
2024-02-05,West,Alpha,C4242,29,F,2,49.3,15
2024-02-04,South,Beta,C7500,38,F,5,185.25,5
2025-05-10,East,Beta,C7646,46,F,4,140.4,10
2024-09-26,West,Alpha,C5576,59,Non-Binary,3,87.0,0
2024-07-09,East,Gamma,C8984,67,Non-Binary,4,200.6,15
2024-04-08,East,Omega,C5306,22,M,4,336.6,15
2024-01-27,South,Alpha,C4721,47,F,1,26.1,10
2024-10-29,South,Gamma,C6030,46,M,5,295.0,0
2025-05-31,South,Delta,C9370,30,F,2,158.0,0
2024-07-22,East,Omega,C3486,54,Non-Binary,5,495.0,0
2025-06-29,East,Omega,C4775,62,Non-Binary,2,198.0,0
2024-06-11,North,Beta,C4707,71,Non-Binary,2,70.2,10
2025-09-16,West,Beta,C5561,21,M,3,111.15,5
2025-06-18,West,Delta,C8667,38,F,3,237.0,0
2024-03-17,East,Omega,C6105,31,Non-Binary,5,445.5,10
2024-03-09,North,Delta,C3298,27,M,2,158.0,0
2025-02-04,South,Delta,C7406,55,F,2,158.0,0
2024-03-13,South,Gamma,C3300,75,M,1,50.15,15
2025-08-22,South,Beta,C8264,27,Non-Binary,3,117.0,0
2024-01-12,North,Omega,C6098,51,F,5,470.25,5
2024-08-25,West,Gamma,C3045,52,Non-Binary,5,280.25,5
2024-06-06,North,Gamma,C5458,20,M,3,177.0,0
2025-04-22,West,Omega,C3759,74,Non-Binary,4,396.0,0
2024-08-18,North,Alpha,C6940,33,Non-Binary,4,98.6,15
2025-03-18,West,Alpha,C2723,73,M,3,87.0,0
2025-06-04,East,Delta,C5116,40,F,1,79.0,0
2025-05-12,South,Omega,C9109,32,Non-Binary,4,336.6,15
2024-09-29,North,Delta,C7157,56,Non-Binary,4,316.0,0
2025-09-08,North,Omega,C2615,54,F,1,99.0,0
2025-01-04,West,Delta,C1653,40,Non-Binary,4,300.2,5
2025-08-10,North,Delta,C8074,60,F,2,142.2,10
2024-07-04,North,Gamma,C2618,36,M,1,50.15,15
2025-04-12,East,Gamma,C6636,40,F,3,168.15,5
2024-02-18,East,Delta,C5311,67,F,2,142.2,10
2025-07-14,East,Delta,C6710,67,F,4,316.0,0
2024-12-07,East,Omega,C9818,65,F,3,297.0,0
2024-04-13,North,Delta,C6126,57,M,2,150.1,5
2024-07-26,East,Delta,C6744,39,M,3,237.0,0
2024-06-21,East,Alpha,C2826,30,Non-Binary,3,78.3,10
2025-07-27,East,Omega,C9818,29,M,5,420.75,15
2024-03-18,South,Alpha,C2483,63,Non-Binary,4,116.0,0
2024-05-29,East,Omega,C6796,43,F,4,396.0,0
2024-10-27,North,Gamma,C4683,46,F,2,106.2,10
2024-06-07,East,Alpha,C9101,32,Non-Binary,2,58.0,0
2024-08-19,West,Beta,C3381,18,M,2,78.0,0
2025-09-18,West,Delta,C7791,53,Non-Binary,5,395.0,0
2025-02-26,South,Omega,C7547,58,Non-Binary,4,336.6,15
2024-09-24,East,Gamma,C8066,41,M,2,118.0,0
2025-07-07,East,Alpha,C3203,38,Non-Binary,2,52.2,10
2025-08-15,South,Alpha,C9314,63,M,5,145.0,0
2024-04-17,South,Gamma,C4669,47,M,5,295.0,0
2025-04-16,West,Delta,C8146,22,F,1,71.1,10
2025-04-04,North,Gamma,C8809,73,Non-Binary,2,118.0,0
2024-12-28,North,Gamma,C5128,75,Non-Binary,1,50.15,15
2025-09-04,West,Delta,C3184,43,F,4,316.0,0
2025-07-05,East,Gamma,C4810,54,Non-Binary,4,236.0,0
2025-07-06,East,Alpha,C1867,63,M,5,145.0,0
2024-03-13,North,Omega,C7778,64,F,2,198.0,0
2025-09-07,South,Beta,C1483,59,M,1,39.0,0
2024-04-01,North,Delta,C7347,69,M,4,268.6,15
2025-04-30,South,Gamma,C3998,24,M,3,177.0,0
2025-03-16,East,Delta,C2486,29,M,4,316.0,0
2024-08-20,East,Alpha,C6565,46,F,5,145.0,0
2024-01-21,North,Omega,C1969,61,M,1,99.0,0
2024-01-02,North,Alpha,C6355,42,M,1,26.1,10
2025-07-30,East,Alpha,C3824,30,Non-Binary,5,137.75,5
2024-07-05,South,Gamma,C2588,73,Non-Binary,2,106.2,10
2025-01-18,South,Delta,C3908,50,F,4,316.0,0
2025-09-29,North,Omega,C2970,69,M,3,297.0,0
2024-12-23,South,Omega,C9494,28,F,4,396.0,0
2025-09-09,South,Omega,C6527,47,Non-Binary,5,470.25,5
2025-04-03,North,Omega,C2072,39,F,3,297.0,0
2024-09-02,West,Beta,C7623,20,M,1,37.05,5
2025-08-28,North,Omega,C2490,60,Non-Binary,3,267.3,10
2025-07-30,West,Omega,C4292,36,M,2,188.1,5
2024-07-21,East,Delta,C7623,45,M,1,75.05,5
2024-01-25,West,Alpha,C6267,53,M,5,137.75,5
2024-11-09,West,Gamma,C1903,51,F,2,118.0,0
2024-11-10,South,Gamma,C1785,52,F,1,59.0,0
2025-01-29,South,Gamma,C9810,21,Non-Binary,4,200.6,15
2025-06-04,South,Omega,C7075,61,Non-Binary,1,99.0,0
2024-04-11,West,Beta,C4630,63,M,1,33.15,15
2024-07-27,West,Beta,C1255,20,M,2,66.3,15
2024-04-29,East,Alpha,C4938,60,M,2,55.1,5
2024-08-21,East,Delta,C1733,27,F,5,395.0,0
2025-09-28,East,Delta,C6074,31,Non-Binary,3,225.15,5
2024-01-11,West,Delta,C7178,35,F,4,316.0,0
